Site_ID,ann_GPP_C,upper_GPP_C,ann_ER_C,lower_ER_C,PAR_sum,Stream_PAR_sum,gpp_C_mean,gpp_C_cv,gpp_C_skew,gpp_C_kurt,gpp_C_amp,gpp_C_phase,gpp_C_ar1,er_C_mean,er_C_cv,er_C_skew,er_C_kurt,er_C_amp,er_C_phase,er_C_ar1,Wtemp_mean,Wtemp_cv,Wtemp_skew,Wtemp_kurt,Wtemp_amp,Wtemp_phase,Wtemp_ar1,Disch_mean,Disch_cv,Disch_skew,Disch_kurt,Disch_amp,Disch_phase,Disch_ar1,PAR_mean,PAR_cv,PAR_skew,PAR_kurt,PAR_amp,PAR_phase,PAR_ar1,LAI_mean,LAI_cv,LAI_skew,LAI_kurt,LAI_amp,LAI_phase,LAI_ar1,MOD_ann_NPP
AZ_LV,155.469235828565,2.00900662242934,-167.482431812576,-1.71243022481676,15.8732985117168,15.6986688969072,0.43,0.68,0.53,0.2,0.95,43.2660329496609,0.831,-0.46,-0.58,-0.44,0.14,0.85,212.694938813377,0.513,20.29,0.17,0.01,-0.07,1.39,204.988789269434,0.784,5.91,0.41,0.4,0.09,0.9,11.864825868543,0.901,43.49,0.2,-0.04,-0.01,1.31,167.313995265606,0.4,0.34,0.04,0.31,0.23,1.02,7.52542487616615,0.844,49.4
AZ_OC,81.7669078105812,0.84250640853617,-177.751289755332,-1.10263559006084,14.7487777406928,13.2450772408319,0.22,0.51,0.49,0.32,0.87,206.643430882303,0.657,-0.49,-0.33,-0.22,0.17,0.97,61.0510779684172,0.535,14.07,0.18,0,-0.04,1.36,195.955910952849,0.788,0.93,0.13,0.6,0.62,0.12,274.081725193805,0.348,40.41,0.2,0.02,0.02,1.28,164.966892168208,0.299,0.56,0.17,-0.04,-0.07,1.41,185.476272497971,0.822,287.8
AZ_WB,106.284188383238,0.566697424337605,-561.215053531295,-2.19250392113452,14.9527778384376,13.6597566751031,0.29,0.28,0.19,0.09,0.96,60.4596089879045,0.375,-1.54,-0.16,-0.05,0.04,0.9,156.402471638645,0.51,14.96,0.16,0.02,-0.01,1.36,197.444907136313,0.834,0.22,0.07,0.08,0.11,1.1,320.001045342244,0.621,40.97,0.2,0.03,0.03,1.28,163.835257723115,0.292,0.57,0.18,0.06,0,1.33,209.8490422154,0.834,220
FL_SF2500,78.2387327760163,0.690175932567857,-1427.14705950719,-4.47783690208189,14.1501626418096,13.2758391382316,0.21,0.53,0.34,0.13,0.18,54.7529444158026,0.668,-3.91,-0.06,0.02,0.24,0.87,21.1028467648994,0.541,22.11,0.06,-0.16,0.09,1.27,206.141887509587,0.9,48.28,0.15,0.41,0.25,0.34,221.291700087221,0.955,38.77,0.19,-0.05,0.06,1.08,169.326793286855,0.302,5.21,0.16,-0.14,-0.03,1.34,166.695016258662,0.821,1195.7
FL_SF2800,191.698199437349,1.29872298311167,-1328.9598304201,-4.48332435827305,14.038442281836,13.1869549289514,0.53,0.35,0.22,0.16,0.31,127.850894335397,0.46,-3.64,-0.08,-0.12,0.14,0.33,26.6649100204373,0.4,22.09,0.07,-0.18,0.07,1.27,201.302435793844,0.862,66.99,0.14,0.28,0.21,0.74,215.55089427497,0.934,38.46,0.19,-0.05,0.05,1.07,170.205866677944,0.299,2.4,0.26,0,-0.05,1.36,166.745666234418,0.825,857.2
FL_WS1500,41.8332441340861,0.289260643928491,-1006.75059282467,-4.40939783475225,14.1478328928888,13.7314361988744,0.11,0.38,0.27,0.29,0.2,182.890675161959,0.135,-2.76,-0.2,-0.12,-0.02,0.51,3.97879000720005,0.807,20.44,0.15,-0.17,0.01,1.24,206.270474055867,0.83,17.8,0.5,0.42,0.22,0.22,200.288758605304,0.908,38.76,0.19,-0.05,0.07,1.06,168.483353556214,0.336,2.79,0.27,-0.03,-0.12,1.39,173.01550925004,0.821,830.5
MD_DRKR,651.269068797572,4.72736996890646,-974.491288386065,-4.975830731908,12.629359408176,7.08591527746377,1.78,0.42,0.31,0.11,0.82,63.6392635656995,0.093,-2.66,-0.21,-0.1,0.22,0.3,77.9356060666876,0.401,14.64,0.28,0,-0.01,1.35,208.521890095085,0.795,219.94,0.65,0.7,0.56,0.13,168.493881690333,0.347,34.51,0.26,0.03,-0.01,1.13,182.849926795589,0.25,1.63,0.38,0.12,-0.12,1.39,194.290103180886,0.82,620.6
NC_NHC,235.811051662663,1.81378648143753,-747.682793028905,-3.42860347141489,12.915377094942,5.80347954810884,0.65,0.4,0.25,0.15,0.87,87.8989151745374,0.779,-2.05,-0.21,-0.09,0.16,0.42,8.99427073242888,0.515,16.24,0.26,-0.06,-0.07,1.35,200.293207727578,0.812,0.53,0.7,0.57,0.33,0.45,363.501148104139,0.732,35.38,0.26,0.01,0.03,1.15,173.164006921474,0.258,2.95,0.4,0.09,-0.17,1.34,189.009541102572,0.92,397.5
NC_UNHC,145.371055151631,1.27079218466506,-551.480710251427,-3.34509191045642,13.0478014529856,5.11018460845886,0.4,0.47,0.32,0.15,1.02,96.903179032484,0.773,-1.51,-0.33,-0.25,0.13,0.21,54.7588078097614,0.64,15.91,0.24,-0.07,-0.03,1.32,198.567580875232,0.854,0.19,0.6,0.53,0.37,0.51,53.8597490923196,0.582,35.75,0.25,0,0.03,1.14,172.197460792841,0.271,3.13,0.4,0.08,-0.18,1.35,188.305252372635,0.916,394
NH_DCF,46.3191218519856,0.398211004574154,-711.371908518346,-4.02614055415236,11.5876977575688,2.65344242769584,0.13,0.51,0.32,0.14,0.78,196.836973576138,0.34,-1.95,-0.34,-0.06,0.07,0.56,36.1496828789866,0.253,9.56,0.48,0.07,-0.1,1.37,205.318867460892,0.768,0.18,0.59,0.57,0.4,0.53,53.6257304919158,0.589,31.75,0.3,0.05,-0.01,1.15,172.564535065434,0.083,2.77,0.45,0.2,-0.16,1.32,202.060074205593,0.874,744.4
nwis_01184000,1207.50314659117,12.1042040773489,-1504.40663167269,-9.96956066086384,12.018052734408,11.0964203030069,3.3,0.58,0.39,0.1,1.11,216.818309263733,0.641,-4.11,-0.4,-0.27,0.05,1.14,33.0807988603821,0.495,13.06,0.43,0.05,-0.08,1.39,210.678339730639,0.86,396.24,0.45,0.37,0.15,1.09,67.0093210479236,0.878,32.84,0.29,0.06,-0.01,1.17,176.260997272081,0.253,1.46,0.28,0.18,0.01,1.29,199.601005721556,0.841,628.3
nwis_01388000,104.447169110664,0.644777482953151,-308.474294713002,-1.97748233745698,11.855221262892,3.40636663714682,0.29,0.38,0.16,0.07,1.06,184.536963585663,0.33,-0.85,-0.35,-0.17,0.15,0.55,99.5853592847963,0.646,14.13,0.38,0,-0.06,1.39,201.753784058567,0.795,9.4,0.66,0.62,0.44,0.52,60.8032196376061,0.668,32.48,0.28,0.04,-0.02,1.15,172.890836573675,0.257,1.81,0.37,0.08,-0.1,1.37,192.4695069487,0.82,628.5
nwis_01400500,476.332945797152,2.92893032407838,-454.590026236072,-2.59756640827012,11.8802883853656,10.6077471812831,1.3,0.43,0.22,0.08,0.6,167.979923022947,0.864,-1.24,-0.34,-0.13,0.08,0.88,364.469175877431,0.665,14.17,0.35,-0.02,-0.02,1.32,200.776485484378,0.927,25.15,0.47,0.54,0.37,0.29,63.6104828747495,0.567,32.52,0.28,0.05,0,1.15,175.06688159997,0.226,1.07,0.35,0.09,-0.07,1.36,191.269185056236,0.937,610.748571428571
nwis_01408500,39.0815322300314,0.383045943539965,-430.339970986207,-2.49180256800756,12.8896729803576,3.79395910597494,0.11,0.49,0.33,0.19,0.44,151.513719406934,0.692,-1.18,-0.33,-0.12,0.06,1.02,24.3205839174698,0.333,13.31,0.3,-0.01,-0.04,1.37,202.247295400055,0.81,6.02,0.26,0.2,0.13,0.75,94.4532374419061,0.843,35.31,0.28,0.02,0,1.15,175.85430665102,0.112,1.83,0.36,0.27,-0.05,1.32,205.817690202577,0.829,770.028571428571
nwis_01463500,747.04720056546,6.11740337604367,-723.215485719236,-4.43441099082967,11.9061858144384,11.5641316568071,2.04,0.49,0.29,0.11,0.73,187.028542421437,0.914,-1.98,-0.34,-0.14,0.13,0.66,4.14664059949062,0.882,13.62,0.38,0.02,-0.05,1.37,205.019769859218,0.908,322.61,0.38,0.36,0.23,0.58,57.7794611794126,0.913,32.58,0.28,0.05,0,1.15,176.92477654972,0.246,1.07,0.35,0.13,-0.04,1.35,195.496262900903,0.956,496.228571428571
nwis_01480617,393.133612409131,2.73017858289696,-322.886461504724,-1.92882760466235,11.9467768305144,6.40513655682239,1.08,0.36,0.25,0.19,0.78,107.095578461314,0.754,-0.88,-0.38,-0.16,0.11,0.49,349.232475799204,0.892,13.76,0.27,0.02,-0.02,1.34,204.720881800867,0.89,2.1,0.39,0.44,0.29,0.36,60.289308688445,0.557,32.69,0.28,0.04,-0.01,1.16,177.102057989729,0.243,2.52,0.45,0.18,-0.14,1.34,198.200824531867,0.909,789.733333333333
nwis_01480870,425.267560586877,2.65705003807505,-458.192467509452,-2.68830952285735,11.9541254919464,10.503597823618,1.16,0.31,0.24,0.21,0.63,128.652343621801,0.823,-1.25,-0.29,-0.08,0.17,0.63,356.216629396083,0.805,13.52,0.29,0.01,-0.03,1.35,204.776723989021,0.875,4.43,0.42,0.41,0.26,0.32,53.7345692599191,0.682,32.72,0.28,0.04,-0.01,1.16,175.870244773884,0.242,1.14,0.4,0.16,-0.09,1.37,192.283420249887,0.902,681.466666666667
nwis_01481000,322.416117581442,2.07054217395354,-351.227250714765,-2.05656775431074,12.048129576392,10.0957695909921,0.88,0.38,0.17,0.07,0.83,158.763779051815,0.803,-0.96,-0.32,-0.14,0.11,0.94,9.8590307251715,0.732,13.74,0.31,0.02,-0.02,1.35,202.968422229764,0.891,13.12,0.41,0.42,0.28,0.36,58.240899097157,0.557,32.98,0.28,0.04,-0.01,1.16,176.098372344173,0.246,2.58,0.44,0.15,-0.15,1.35,196.359533702038,0.875,822.877777777778
nwis_01481500,304.670707310349,1.81350061875609,-307.614546947201,-2.17839400064078,12.392205417144,10.9986227060081,0.83,0.33,0.1,0.11,0.87,146.870764486747,0.505,-0.84,-0.4,-0.23,0.14,0.64,350.701175991342,0.816,14.79,0.31,0.03,-0.04,1.36,197.920134913605,0.836,11.39,0.39,0.46,0.35,0.44,23.8248380751095,0.468,33.86,0.27,0.03,-0.01,1.19,173.006453329148,0.271,1.2,0.23,0.07,-0.08,1.4,186.189259888523,0.812,643.7
nwis_01484525,81.5986407410727,0.590966677832779,-463.005203199167,-3.97184131010779,12.7992047080464,9.53091984200023,0.22,0.44,0.29,0.14,0.86,207.472218060442,0.211,-1.27,-0.44,-0.34,0.21,0.56,22.3317802383425,0.693,15.09,0.28,-0.05,-0.08,1.36,202.55072217239,0.828,3.75,0.28,0.28,0.23,0.4,141.721333023204,0.652,35.07,0.26,0,0.01,1.16,174.087145944658,0.098,1.08,0.28,0.1,-0.07,1.38,192.379903508864,0.819,743.483333333333
nwis_01493112,189.527471823478,2.03597691786795,-341.716266604059,-1.40256325845476,12.3559298899848,5.37271135030357,0.52,0.45,0.44,0.3,0.91,94.9437273116474,0.659,-0.93,-0.17,-0.02,0.21,0.86,270.90030359016,0.397,14.2,0.21,0.02,-0.05,1.36,203.301414941239,0.789,0.25,0.24,0.61,0.57,0.13,185.227636885633,0.255,33.76,0.27,0.06,0,1.13,181.186921527494,0.272,1.52,0.22,-0.07,0.03,1.16,173.209128724764,0.863,736.7
nwis_01567000,960.376170908343,6.75872700179354,-942.473296586309,-5.8666162791393,11.7295936807896,10.8113550995591,2.63,0.37,0.22,0.12,0.85,175.98842977576,0.822,-2.58,-0.35,-0.16,0.08,1.07,358.665072880339,0.589,13.49,0.38,0.02,-0.04,1.37,204.017121667196,0.882,100.71,0.41,0.29,0.14,0.74,61.7993843498507,0.848,32.09,0.28,0.03,-0.01,1.21,175.853626924107,0.223,1.51,0.38,0.17,-0.09,1.36,186.104233912507,0.878,665.870833333333
nwis_01570500,1261.56452160775,8.69130376801434,-1090.2012565973,-7.24952380180754,12.0859391538648,11.9971000293507,3.45,0.29,0.13,0.24,0.58,189.002668811831,0.738,-2.98,-0.3,-0.27,0.14,1.09,16.9027333395813,0.672,16.1,0.28,0.07,0.03,1.28,196.039465648727,0.817,676.9,0.41,0.25,0.03,0.83,75.6473988033077,0.865,33.02,0.27,0.02,-0.01,1.2,173.550889412603,0.243,0.72,0.32,0.04,-0.1,1.41,187.669740659011,0.81,274.88
nwis_01608500,462.450774993026,2.99139778723639,-349.207496986278,-2.52374020927071,11.870546716764,9.84735278413291,1.27,0.37,0.19,0.13,0.8,169.259896132895,0.829,-0.96,-0.42,-0.26,0.13,0.89,354.796994870308,0.641,14.46,0.36,0.01,-0.04,1.37,202.582786064336,0.89,38.84,0.58,0.49,0.3,0.63,78.0554242172089,0.724,32.48,0.28,0.03,-0.01,1.19,177.411933958948,0.209,2.8,0.43,0.14,-0.15,1.32,198.025283201471,0.934,638.085714285714
nwis_01611500,356.961259823488,2.6804660960212,-418.634066729372,-2.98024789739323,11.7881616981744,8.77318898142554,0.98,0.45,0.25,0.09,1.06,201.729168023093,0.71,-1.15,-0.44,-0.21,0.08,1,21.3686611129746,0.777,13.92,0.37,0,-0.04,1.37,200.859244907815,0.907,15.39,0.54,0.47,0.27,0.6,78.6662055413519,0.771,32.26,0.28,0.03,-0.01,1.17,176.313202844405,0.233,2.67,0.47,0.17,-0.16,1.33,196.633535445018,0.877,761.657142857143
nwis_01632900,189.308686400057,1.3209813860456,-308.01700191731,-1.55415328605152,12.285646067688,8.68363703896455,0.52,0.36,0.34,0.28,0.63,93.0104823924649,0.809,-0.84,-0.25,-0.12,0.13,0.77,341.414550816892,0.712,13.65,0.31,-0.04,-0.03,1.33,200.970007630136,0.9,2.05,0.47,0.48,0.32,0.57,84.0500229177593,0.659,33.63,0.26,0.02,0,1.18,174.989956096624,0.216,1.19,0.29,0.14,0,1.31,194.973953439504,0.964,705.2
nwis_01645704,47.8120535417255,0.376796626756369,-203.887078546433,-1.13839601763228,12.3088979604528,2.54978149192396,0.13,0.43,0.4,0.25,0.8,89.088598274543,0.706,-0.56,-0.28,-0.21,0.18,0.63,345.002076712312,0.411,13.64,0.31,-0.04,-0.02,1.35,201.54734534067,0.848,0.23,0.57,0.6,0.48,0.07,108.505560424235,0.219,33.7,0.27,0.02,-0.01,1.16,175.391182503447,0.228,2.9,0.41,0.09,-0.17,1.35,196.02442288451,0.922,463.771428571429
nwis_01645762,43.2712936839062,0.381228034710422,-139.556323659815,-0.748061032712297,12.3332822071704,3.01593292809644,0.12,0.46,0.4,0.2,1,93.559538456679,0.63,-0.38,-0.25,-0.2,0.15,0.55,302.019960555424,0.551,13.2,0.31,-0.03,-0.02,1.35,204.059729682658,0.854,0.08,0.51,0.49,0.41,0.28,82.349776274964,0.24,33.75,0.27,0.01,0,1.15,176.114777137419,0.21,2.87,0.42,0.14,-0.16,1.34,198.874838983112,0.924,755.7
nwis_01646000,89.5009956156799,0.539884451978137,-251.963866063494,-1.2750434127638,12.271769400681,10.9620672528819,0.25,0.36,0.18,0.09,0.84,152.322834216187,0.609,-0.69,-0.25,-0.1,0.12,0.67,25.3638782549112,0.525,13.47,0.33,-0.04,-0.03,1.35,203.709270577905,0.868,1.84,0.51,0.53,0.42,0.25,103.610920489631,0.303,33.6,0.27,0.02,0,1.15,176.822409863237,0.205,2.81,0.44,0.12,-0.17,1.35,199.045190534255,0.911,783.8
nwis_01646305,77.8918759793442,0.61000683214888,-179.743642839616,-0.988858293788918,12.3622840123373,2.68084764402132,0.21,0.43,0.38,0.19,0.95,87.9388353077933,0.648,-0.49,-0.27,-0.21,0.24,0.55,341.970887718804,0.379,13.57,0.3,-0.05,0,1.32,202.934539257439,0.879,0.06,0.58,0.65,0.54,0.17,114.566422433947,0.101,33.83,0.27,0.02,0,1.16,176.239446155493,0.211,2.75,0.42,0.1,-0.17,1.36,194.625490228926,0.895,533.32
nwis_01648010,112.687195596877,1.30944332929719,-215.124573973889,-1.15898979854993,12.140654927562,NA,0.31,0.53,0.47,0.28,0.79,113.591281134151,0.639,-0.59,-0.31,-0.15,0.15,0.8,349.685020930265,0.263,13.52,0.34,-0.02,-0.06,1.37,201.845094940625,0.831,2.56,0.5,0.52,0.39,0.27,101.878529735216,0.342,33.26,0.28,0.02,0,1.15,174.091011127243,0.127,2.58,0.43,0.12,-0.17,1.37,199.840768808902,0.869,823.842857142857
nwis_01649190,88.1576081235443,0.625295280270881,-211.410569168077,-1.44145008538941,12.0731137272648,4.89137512517529,0.24,0.38,0.34,0.25,0.71,120.060431088269,0.472,-0.58,-0.35,-0.18,0.17,0.62,353.263786308414,0.6,12.73,0.35,-0.05,-0.02,1.36,202.526756835783,0.822,0.44,0.49,0.55,0.43,0.21,65.4961726488571,0.218,33.08,0.27,0.05,0,1.12,172.981615634992,0.247,2.15,0.43,0.18,-0.12,1.34,195.640608697063,0.935,618.594444444444
nwis_01649500,254.366784430995,1.63279635519733,-369.285300552754,-2.128416680595,12.2468207863596,10.9258907762295,0.7,0.39,0.16,0.08,0.93,169.906597107122,0.681,-1.01,-0.33,-0.14,0.12,0.84,1.19111611161602,0.623,14.61,0.33,-0.02,-0.03,1.36,200.937075345241,0.839,2.71,0.6,0.63,0.48,0.1,45.5547440944855,0.38,33.54,0.27,0.04,0.01,1.14,173.27839080154,0.234,1.52,0.34,0.05,-0.11,1.38,188.310107338288,0.898,676.608333333333
nwis_01650800,109.009216277197,0.75524854423731,-148.65074182736,-0.867629980984365,12.0472190749008,4.15981009061926,0.3,0.47,0.27,-0.02,1.12,66.8359866905664,0.519,-0.41,-0.27,-0.14,0.21,0.76,364.480638431531,0.25,14.12,0.28,0.04,-0.06,1.34,201.154037048996,0.813,0.18,0.56,0.61,0.47,0.16,130.995175283422,0.21,33.01,0.28,0.03,0,1.15,174.757021175887,0.136,1.72,0.34,0.1,-0.11,1.39,192.157538401794,0.82,656
nwis_0165389205,80.5536885105693,0.616678784043106,-148.749921873038,-0.933962772100534,12.449937302712,4.5591272791791,0.22,0.46,0.32,0.12,0.97,116.293728030239,0.584,-0.41,-0.35,-0.28,0.2,0.55,316.476056937703,0.222,13.48,0.32,-0.02,-0.03,1.34,200.201236907565,0.827,0.17,0.71,0.71,0.58,0.1,109.376980579078,0.199,34.08,0.27,0.01,0,1.16,174.410570174713,0.173,1.58,0.3,0.04,-0.11,1.39,188.312056246289,0.906,671.813333333333
nwis_01654000,101.83828505945,0.726255660254091,-213.79974579891,-1.10670069357367,12.6029866780944,5.82291727247801,0.28,0.41,0.23,0.08,0.86,152.682843520032,0.572,-0.58,-0.25,-0.19,0.14,0.87,335.695858556579,0.315,14.66,0.33,-0.03,-0.02,1.36,204.027820602588,0.82,0.63,0.64,0.61,0.42,0.15,103.120559853431,0.175,34.43,0.26,0.04,-0.01,1.13,181.105608587362,0.237,1.92,0.34,0.1,-0.07,1.39,193.638674007699,0.836,601.6
nwis_01654500,73.2352058454678,0.49243489136533,-224.849260160886,-1.18949031330842,12.4658579348016,3.88774471302421,0.2,0.39,0.32,0.21,0.83,114.257435554973,0.569,-0.62,-0.28,-0.3,0.26,0.31,354.367755384996,0.216,13.61,0.33,-0.04,-0.02,1.35,205.924710624309,0.871,0.12,0.59,0.52,0.38,0.13,93.961183686916,0.122,34.12,0.27,0.02,0,1.14,177.008215356656,0.214,2.05,0.41,0.23,-0.06,1.31,189.938451025167,0.917,618.033333333333
nwis_01658000,73.5741409618479,0.485472422056866,-422.561189880962,-2.57914578007681,12.7021051213056,5.08514027447843,0.2,0.34,0.18,0.17,0.84,125.940960354973,0.491,-1.16,-0.27,-0.15,0.19,0.86,346.373132217023,0.567,13.88,0.36,-0.05,-0.05,1.37,201.028609343016,0.747,2.02,0.63,0.49,0.22,0.31,10.3034899736969,0.737,34.8,0.27,0,-0.01,1.15,175.206571187535,0.208,3.22,0.41,0.01,-0.21,1.37,191.301475495008,0.85,673.9
nwis_0166818623,28.4455091535124,0.190940032735007,-214.874831127346,-1.32812858181419,12.5891886804264,3.52777798316519,0.08,0.34,0.26,0.21,0.47,118.008260934399,0.645,-0.59,-0.32,-0.22,0.09,0.6,12.2453023357489,0.778,14.19,0.33,-0.09,-0.02,1.33,199.908606444185,0.808,0.16,0.49,0.3,0.15,0.95,62.2992849993087,0.565,34.49,0.28,0,-0.01,1.15,176.919129979956,0.244,2.98,0.44,0.13,-0.19,1.33,193.901536863012,0.832,608.4
nwis_01673000,49.7987488594398,0.349133818065432,-266.821634255409,-1.5574146693286,12.5803285918632,10.7122661868319,0.14,0.44,0.3,0.15,0.52,220.353257737575,0.575,-0.73,-0.34,-0.29,0.21,0.68,354.715749837091,0.548,15.25,0.32,-0.03,-0.04,1.36,202.270757509479,0.879,25.15,0.56,0.49,0.31,0.53,80.9493192225107,0.883,34.47,0.27,0,0.01,1.13,174.185157190688,0.234,2.03,0.32,0.19,-0.01,1.29,192.678551282397,0.912,575.866666666667
nwis_02035000,431.425179291054,3.84310492698856,-666.383283523536,-3.86232408105657,12.811147719421,11.7229807968422,1.18,0.56,0.33,0.05,0.86,232.914523771825,0.878,-1.82,-0.34,-0.13,0.08,1.01,38.0359661449021,0.762,16.17,0.32,-0.01,-0.03,1.35,204.901547788281,0.913,193.86,0.46,0.4,0.23,0.66,80.9513964551595,0.819,35.06,0.26,0.01,0.01,1.13,174.845948301621,0.265,1.93,0.35,0.19,-0.04,1.34,189.808669195998,0.947,546.64
nwis_02101726,88.1031691312055,0.599324171580065,-845.220486327824,-4.82503982265884,13.1507680978107,11.7614963238547,0.24,0.38,0.27,0.23,0.35,134.747345387131,0.582,-2.31,-0.34,-0.1,0.07,0.73,26.7330525924357,0.591,16.44,0.27,-0.05,-0.04,1.37,199.660862095897,0.904,1.28,0.77,0.72,0.53,0.29,50.6959668383545,0.424,36,0.25,0,0.03,1.14,173.028000628614,0.339,2.35,0.29,0.05,-0.06,1.36,181.435181394793,0.948,785.875
nwis_02135000,88.3682050586523,1.00369620136168,-777.02172787992,-3.77562164141102,13.4013163291056,10.962158865713,0.24,0.52,0.46,0.28,0.86,81.1001608292847,0.636,-2.13,-0.23,-0.04,0.09,0.97,349.601762171166,0.61,18.35,0.26,-0.02,-0.02,1.36,202.471012757522,0.858,68.03,0.36,0.15,0.07,1.12,72.2614667772134,0.935,36.72,0.25,0.01,0.05,1.08,172.482643243984,0.296,2.72,0.37,0.13,-0.11,1.38,182.503216679863,0.828,554.025
nwis_02148315,140.238616421861,1.16122512459011,-783.53557940829,-3.69640305891742,13.7770547300064,11.5657168966716,0.38,0.45,0.32,0.17,0.76,163.487907864891,0.686,-2.14,-0.23,-0.1,0.13,0.8,6.7316733126371,0.622,19.46,0.23,-0.03,-0.04,1.38,204.751269098825,0.901,108.64,0.35,0.27,0.06,0.57,69.6370783911642,0.961,37.71,0.23,0.03,0.07,1.11,171.675068907148,0.389,2.76,0.37,0.1,-0.11,1.31,185.701903616605,0.97,382.227192982456
nwis_02156500,455.230494155847,2.9629676128207,-875.267693996502,-5.08005909649566,13.7042073537712,11.4061001668065,1.25,0.42,0.19,0.1,0.6,174.693893803927,0.755,-2.4,-0.34,-0.12,0.1,0.89,12.3973313244929,0.628,18.22,0.27,-0.02,-0.03,1.37,200.267654262399,0.911,81.6,0.46,0.46,0.33,0.39,49.961424472564,0.759,37.51,0.24,0.01,0.05,1.14,174.090366512452,0.374,2.18,0.37,0.17,-0.06,1.34,181.099004880901,0.934,621.6
nwis_02160105,175.954191610437,2.3003416643094,-811.227251115832,-4.07685567373659,13.7065723143216,11.9571587038886,0.48,0.62,0.56,0.36,0.66,218.469790914201,0.915,-2.22,-0.29,-0.02,0.06,0.9,15.2835764941691,0.775,17.3,0.26,-0.04,-0.02,1.35,197.726050071712,0.875,18.33,0.53,0.51,0.38,0.39,42.3217088267464,0.82,37.52,0.24,0.01,0.04,1.14,173.901519258525,0.368,2.99,0.37,0.08,-0.15,1.35,189.916421555697,0.921,304.933333333333
nwis_02160700,93.3558476189979,1.00972876794208,-527.95915227558,-2.5289576453205,13.7065723143216,12.0287580441258,0.26,0.59,0.53,0.34,0.52,229.769788494981,0.883,-1.45,-0.28,-0.01,0.11,0.86,24.2534752884475,0.668,17.26,0.26,-0.04,-0.02,1.35,197.015814547769,0.884,12.58,0.5,0.52,0.39,0.34,39.993355748108,0.791,37.52,0.24,0.01,0.04,1.14,173.901519258525,0.368,2.31,0.34,0.12,-0.08,1.37,188.303655209114,0.925,641.088888888889
nwis_02168504,273.811380910496,2.03788607276042,-1229.86966682984,-6.06497188244613,13.8059431133232,13.1376572597416,0.75,0.44,0.29,0.14,0.54,163.091189817374,0.66,-3.37,-0.33,0.03,0,1.01,45.1921605598739,0.625,13.3,0.11,-0.04,0.08,1.14,262.358581870717,0.973,51.14,0.56,0.6,0.36,0.31,12.2689101045479,0.868,37.79,0.24,0.02,0.06,1.13,174.284704899717,0.381,1.26,0.33,0.05,-0.09,1.37,183.990262803271,0.927,445.455555555556
nwis_02169000,399.542160086742,2.60505353012404,-530.256751857272,-4.27590802730299,13.7005241344704,12.4261879179805,1.09,0.35,0.23,0.16,0.63,189.629379750612,0.635,-1.45,-0.39,-0.38,0.27,0.46,27.8378344875837,0.536,14.86,0.13,-0.05,0.05,1.21,227.415372151022,0.913,49.39,0.53,0.58,0.33,0.25,32.9967091139896,0.855,37.51,0.24,0.02,0.06,1.11,172.874390273591,0.384,1.79,0.3,-0.01,-0.11,1.38,185.760237160174,0.901,653.009523809524
nwis_02203655,44.6608402568259,0.324349336991603,-368.768956422455,-1.89414644840453,13.4061837874692,9.03481914021383,0.12,0.43,0.3,0.19,0.52,166.435775141893,0.776,-1.01,-0.28,-0.04,0.09,0.51,24.378019478626,0.418,16.51,0.23,-0.05,-0.01,1.33,196.833344954189,0.869,0.94,0.63,0.65,0.49,0.15,55.0800473537457,0.231,36.7,0.23,0.02,0.06,1.15,173.082408508674,0.326,1.79,0.34,0.02,-0.11,1.39,187.69445262911,0.896,638.405
nwis_02203700,92.1342106426643,0.843942083033272,-348.284315425544,-2.49037371043968,13.6142273592276,4.90722451970598,0.25,0.48,0.4,0.26,0.46,133.590922456175,0.827,-0.95,-0.37,-0.38,0.29,0.25,303.507257801177,0.321,17.18,0.22,-0.06,0,1.33,199.205773850187,0.866,0.42,0.63,0.58,0.34,0.34,41.9477905324265,0.462,37.27,0.23,0,0.05,1.17,174.428724937485,0.349,2.1,0.32,0.07,-0.06,1.35,182.125841698032,0.946,683.4
nwis_02203863,41.7202421072208,0.352556236968513,-280.108798848731,-1.65063588308439,13.713550728948,5.55513383822442,0.11,0.44,0.34,0.22,0.64,128.002091715091,0.633,-0.77,-0.35,-0.06,0.1,0.89,334.180200549666,0.235,15.57,0.23,-0.08,-0.05,1.34,200.123723531732,0.8,0.25,0.42,0.58,0.46,0.3,67.3979133180421,0.134,37.57,0.23,0.06,0.05,1.14,176.966136602721,0.315,1.62,0.28,-0.01,-0.1,1.41,186.502107581149,0.818,747.1
nwis_02203900,87.515175989897,0.672205584704188,-662.005714276222,-3.42807557478421,13.6558853978501,9.61919572307315,0.24,0.42,0.25,0.13,0.58,177.615575342888,0.718,-1.81,-0.27,-0.03,0.14,0.22,318.498899436547,0.342,17.28,0.21,-0.08,0,1.28,197.099004883832,0.907,3.83,0.6,0.64,0.49,0.17,35.5294705728415,0.391,37.37,0.23,0.02,0.05,1.17,176.029240974401,0.355,1.58,0.31,0.04,-0.09,1.39,183.637041353939,0.898,711.24
nwis_02203950,58.7887038925532,0.339108425174772,-241.168043529523,-1.15111870391469,13.6751554276092,6.18759509716793,0.16,0.39,0.15,0,0.64,111.216388466635,0.758,-0.66,-0.25,-0.05,0.1,0.56,282.9957605537,0.45,17.28,0.2,-0.14,0.04,1.16,191.092389492679,0.942,0.34,0.55,0.62,0.5,0.08,61.488495475386,0.254,37.41,0.22,0.05,0.05,1.17,175.714613347392,0.298,1.68,0.28,-0.02,-0.09,1.39,188.60805703364,0.911,725.077272727273
nwis_02203960,168.310271826657,1.30637416664883,-425.012828530622,-2.30812522236096,13.330382005332,6.17891696669786,0.46,0.43,0.28,0.14,0.79,188.264960586857,0.481,-1.16,-0.28,-0.08,0.15,0.3,42.1462604377506,0.341,16.16,0.23,-0.05,-0.06,1.34,199.433688456073,0.832,1.27,0.52,0.63,0.47,0.11,86.5963679419204,0.237,36.52,0.23,0.04,0.06,1.13,175.288221252154,0.326,1.74,0.3,0,-0.11,1.4,188.808161124323,0.855,779.670833333333
nwis_02204037,34.4884072726315,0.265930348910389,-264.121561424971,-1.60289446383609,13.8767877282384,5.0001972177932,0.09,0.44,0.39,0.3,0.54,133.931598699385,0.675,-0.72,-0.29,-0.26,0.28,0.38,350.248020921829,0.438,16.45,0.22,-0.09,-0.01,1.33,199.901534577876,0.864,0.57,0.52,0.55,0.44,0.32,43.5521700180247,0.424,37.98,0.23,0.02,0.04,1.18,177.132256646131,0.377,2.41,0.37,0.19,-0.01,1.32,186.756688036495,0.966,658.633333333333
nwis_02207160,51.1908205480775,0.321212460524621,-455.389187302119,-2.38074770180094,13.8073560779448,8.51422274929181,0.14,0.35,0.19,0.11,0.86,141.03429354488,0.469,-1.25,-0.27,-0.15,0.07,0.88,354.012764825649,0.549,18.97,0.23,-0.06,-0.04,1.37,198.842511224639,0.882,0.97,0.56,0.59,0.46,0.43,29.6892945951728,0.693,37.79,0.23,0.02,0.04,1.19,177.105556210505,0.39,1.56,0.33,0.1,-0.05,1.37,183.667495820875,0.932,661.066666666667
nwis_02208450,37.04191512519,0.331587531266293,-280.668978622821,-1.33675706608629,14.030537873058,11.986542026611,0.1,0.48,0.4,0.22,0.82,67.4269197873,0.596,-0.77,-0.25,-0.18,0.16,0.34,76.2853458786854,0.425,17.21,0.23,-0.08,0,1.33,199.562429359598,0.863,6.97,0.59,0.55,0.38,0.48,20.6727917576147,0.83,38.39,0.24,0,0.03,1.2,176.919482553371,0.401,2.41,0.35,0.11,-0.1,1.36,181.037728625674,0.877,616.5
nwis_02208493,25.2321803886918,0.186915631349977,-283.29535027254,-1.37603004650897,14.030537873058,2.91854207133592,0.07,0.46,0.43,0.31,0.54,87.3908887750898,0.59,-0.78,-0.23,-0.29,0.28,0.13,304.813003687438,0.346,17.3,0.21,-0.07,0,1.35,200.031746992178,0.855,0.55,0.67,0.69,0.5,0.42,55.7795538730885,0.699,38.39,0.24,0,0.03,1.2,176.919482553371,0.401,2.61,0.37,0.18,-0.07,1.35,179.201998929138,0.907,640.2
nwis_02217643,25.9617976445463,0.289894969498743,-271.209167024453,-1.40869706819535,13.9255768230264,2.86320607177947,0.07,0.56,0.56,0.42,0.64,79.9794359342408,0.782,-0.74,-0.26,-0.07,0.13,0.36,344.84233690504,0.522,15.31,0.23,-0.07,-0.01,1.32,199.165893591462,0.824,0.07,0.36,0.27,0.12,1.03,60.57517194175,0.688,38.1,0.23,0.02,0.05,1.17,175.79756942262,0.359,3.06,0.37,0.05,-0.16,1.36,187.067225965061,0.936,378.2
nwis_02234000,258.702712072871,1.75231124566128,-770.877533343148,-3.6316126291188,15.0262394377956,12.7431682898672,0.71,0.41,0.28,0.19,0.6,174.315428889421,0.764,-2.11,-0.25,-0.15,0.23,0.76,362.362347743362,0.774,24.41,0.11,-0.14,0.03,1.28,200.131926083235,0.867,50,0.43,0.27,0.1,0.91,284.495764544871,0.987,41.13,0.19,0.01,0.07,1.05,164.747269761189,0.436,1.1,0.2,0.03,-0.03,1.33,169.001767239274,0.969,663.033333333333
nwis_02234500,515.932859232803,4.19091151980071,-737.147812818337,-4.23108625776924,14.5356523979016,14.1595821887484,1.41,0.49,0.29,0.07,1.07,171.222795304014,0.619,-2.02,-0.29,-0.18,0.08,1.04,15.8854203058405,0.655,24.63,0.11,-0.13,0.01,1.28,202.167140226425,0.932,55.33,0.29,0.18,0.02,0.88,287.482661215423,0.953,39.79,0.19,0,0.07,1.05,165.88399947408,0.418,1.19,0.17,-0.07,-0.04,1.37,164.153846012025,0.897,678.133333333333
nwis_02235500,125.188043155169,0.729018635389978,-885.284058349419,-2.90023155789571,14.2560143179272,1.72439015235755,0.34,0.31,0.14,0.19,0.32,151.447809773726,0.08,-2.43,-0.06,0.04,0.2,0.29,62.3313281088408,0.117,23.17,0,-0.16,0.06,1.2,226.132318863032,0.624,3.56,0.02,0.07,0.07,0.9,44.0075777893538,0.866,39.06,0.19,-0.04,0.09,1,161.341787033898,0.365,5.01,0.16,-0.09,-0.06,1.39,165.190949057822,0.819,1406.1
nwis_02236000,356.360906571379,2.93770913393377,-1010.29891172188,-4.53549440677507,14.477778944307,12.3405919184449,0.98,0.53,0.34,0.08,1.08,142.53661209831,0.719,-2.77,-0.17,-0.11,0.18,0.83,6.2727749074665,0.696,24.12,0.11,-0.1,-0.02,1.33,198.293379016344,0.923,75.13,0.34,0.25,0.09,0.99,287.621747405171,0.973,39.64,0.19,0,0.07,1.01,164.053071105642,0.444,4.87,0.18,-0.1,-0.04,1.34,162.803546534813,0.895,683.273958333333
nwis_02264000,89.4709359174362,0.640730324858461,-1639.51771141729,-7.6012114130125,14.787178900137,5.90204637759216,0.24,0.38,0.35,0.29,0.53,94.8821274078208,0.64,-4.49,-0.19,-0.13,0.31,0.4,252.800720338886,0.628,21.5,0.11,-0.16,0.02,1.28,209.057137462776,0.875,0.25,0.62,0.42,0.14,0.47,280.87187037265,0.984,40.49,0.18,0,0.08,1.07,165.61364090368,0.417,2.08,0.15,0.03,0,1.28,166.870328422518,0.968,837.175
nwis_02264100,327.686002651841,2.93942508696415,-881.338650544602,-5.43006761923363,14.8168963382328,10.2821729152406,0.9,0.52,0.37,0.17,1.06,155.26632798353,0.58,-2.41,-0.38,-0.2,0.05,1.15,31.2627258778555,0.625,24.15,0.1,-0.14,-0.01,1.32,198.167487764549,0.848,0.89,0.54,0.44,0.21,0.74,248.730374325647,0.831,40.59,0.19,-0.02,0.09,1,164.292439538012,0.424,1.03,0.14,0.02,-0.01,1.36,174.648839140517,0.941,641.95
nwis_02266200,35.1126798856145,0.373604322896263,-1086.77403206376,-5.83611334148877,14.8537605241242,7.79891943773491,0.1,0.53,0.41,0.21,0.49,68.9462721789675,0.829,-2.98,-0.29,-0.05,0.17,0.16,128.165152244133,0.701,22.11,0.11,-0.14,0.02,1.27,206.754015426284,0.881,0.21,0.55,0.4,0.2,0.49,290.090818448808,0.979,40.67,0.19,-0.02,0.08,1.07,166.601285500561,0.424,1.33,0.19,0.02,-0.03,1.36,180.616171650478,0.944,658.625
nwis_02266300,56.9063779453506,0.650707130421183,-1209.00375372179,-4.55517494011291,15.7173586835832,12.2104897761538,0.16,0.53,0.44,0.25,0.64,82.1697418346483,0.44,-3.3,-0.17,0.2,0.22,0.5,247.876580886471,0.324,22.67,0.1,-0.13,0.03,1.29,204.138928016209,0.78,1.55,0.51,0.55,0.34,0.48,292.652112364463,0.756,42.94,0.18,-0.02,0.07,1.13,168.508901105242,0.271,2.12,0.18,0.07,-0.08,1.4,174.306768673679,0.821,818
nwis_02336300,134.618857536603,0.996755869261277,-434.409375404661,-2.13906464876696,13.4074410861787,11.8697720675407,0.37,0.45,0.28,0.13,0.8,173.798792449958,0.78,-1.19,-0.24,-0.09,0.13,0.78,339.044140782991,0.489,17.01,0.25,-0.05,-0.02,1.35,198.513740131084,0.874,1.91,0.46,0.45,0.38,0.21,50.7028337300939,0.172,36.71,0.23,0.01,0.05,1.15,174.170526701167,0.315,4.32,0.26,-0.02,-0.11,1.36,183.294311623783,0.891,371.04
nwis_02336313,88.6141932780239,0.640342523914037,-288.202398426334,-1.63181751608641,13.4396323833492,2.2891137485289,0.24,0.45,0.31,0.17,0.69,159.644282241425,0.772,-0.79,-0.28,-0.17,0.16,0.64,363.141077641375,0.384,16.36,0.25,-0.05,-0.03,1.34,196.674779868987,0.878,0.06,0.67,0.72,0.59,0.3,63.4446932385653,0.6,36.79,0.23,0.02,0.05,1.16,174.292794021106,0.308,3.35,0.29,0.04,-0.12,1.35,184.74292766122,0.915,414.241666666667
nwis_02336340,81.9094246979794,0.644288288338015,-303.113426474746,-1.49431468251792,12.730444850592,5.94354197243299,0.22,0.45,0.3,0.14,0.8,190.024780789846,0.531,-0.83,-0.26,-0.23,0.24,0.49,350.605600795556,0.143,16.29,0.22,-0.04,-0.06,1.34,201.234180600325,0.82,1.01,0.61,0.61,0.39,0.15,109.187706575225,0.115,34.88,0.24,0.02,0.06,1.13,174.198061450493,0.271,1.68,0.31,0.04,-0.1,1.39,188.122749042667,0.823,779.3
nwis_02336360,89.0821673166496,0.618984545919019,-331.244426533755,-2.27067392868111,13.3349932434528,7.2474072869057,0.24,0.41,0.31,0.2,0.66,137.613684744405,0.739,-0.91,-0.36,-0.35,0.26,0.52,322.113447442008,0.623,16.56,0.25,-0.05,-0.02,1.34,196.748924757003,0.868,0.96,0.64,0.64,0.49,0.15,55.3800514043717,0.238,36.51,0.23,0.03,0.05,1.15,173.951617442519,0.328,1.73,0.29,0.02,-0.08,1.38,186.880918597058,0.92,710.592857142857
nwis_02336410,93.0461311372613,0.673440828740311,-257.425106607895,-1.42208686702008,13.3349932434528,7.01713669130617,0.25,0.41,0.33,0.22,0.69,118.265259648437,0.789,-0.7,-0.3,-0.18,0.15,0.75,317.592458229619,0.498,16.54,0.25,-0.06,-0.01,1.34,197.071084622477,0.871,1.33,0.56,0.53,0.4,0.16,44.1410035255551,0.218,36.51,0.23,0.03,0.05,1.15,173.951617442519,0.328,2.38,0.36,0.12,-0.07,1.35,184.575879153864,0.946,537.742857142857
nwis_02336526,143.754644373407,0.994875097631265,-235.031775596638,-1.32021978482568,13.3349932434528,5.44394378178864,0.39,0.4,0.27,0.13,0.87,136.306389044977,0.713,-0.64,-0.33,-0.24,0.16,0.86,316.839125678898,0.502,16.53,0.25,-0.06,-0.02,1.34,195.43675363833,0.853,0.45,0.64,0.66,0.52,0.15,69.5099046092062,0.122,36.51,0.23,0.03,0.05,1.15,173.951617442519,0.328,1.92,0.34,0.03,-0.11,1.39,187.109875284961,0.891,694.77012987013
nwis_02336728,104.172170486445,0.696426648373325,-308.599683156729,-1.51604284362478,13.4391532046604,9.97821724747872,0.29,0.4,0.22,0.08,0.89,164.415923627652,0.681,-0.84,-0.24,-0.16,0.15,0.67,347.463554790184,0.506,16.61,0.24,-0.06,-0.02,1.34,196.311503227105,0.873,0.65,0.47,0.43,0.3,0.45,82.517009277652,0.309,36.79,0.23,0.02,0.05,1.16,174.074932532317,0.312,0.91,0.31,0.03,-0.09,1.38,189.752319353577,0.917,474.583333333333
nwis_02337170,130.87530694922,0.935109140593464,-502.304051711378,-2.71447392823223,13.5334170434736,10.9132522442136,0.36,0.44,0.37,0.25,0.5,168.23086642478,0.56,-1.37,-0.28,-0.15,0.18,0.64,9.67558050085872,0.298,17.09,0.19,-0.01,0.01,1.29,203.037067190702,0.896,76.46,0.36,0.45,0.21,0.44,70.1099918807333,0.791,37.03,0.23,0.02,0.05,1.17,174.515389232155,0.334,2.14,0.36,0.12,-0.04,1.36,183.458053684734,0.948,710.55
nwis_02344630,32.4620927759082,0.299181654413042,-203.663768477392,-1.21431983231443,13.7403218558592,12.1761810516175,0.09,0.48,0.38,0.22,0.88,173.709083889383,0.51,-0.56,-0.35,-0.09,0.11,0.72,67.9287638839662,0.457,18.6,0.25,-0.06,-0.08,1.39,204.471674560082,0.824,1.47,0.62,0.56,0.31,0.72,56.4341991424082,0.595,37.64,0.22,0.06,0.06,1.14,177.709097456707,0.329,2.68,0.4,0.02,-0.23,1.35,191.155860314948,0.884,459.5
nwis_02397530,442.226925642527,4.44668409687853,-825.518361087098,-4.94636106937082,13.2319755226512,12.7657149729801,1.21,0.57,0.43,0.17,1.04,212.736897629587,0.672,-2.26,-0.28,-0.27,0.23,0.16,327.371912226193,0.794,18.13,0.25,0,-0.05,1.39,209.611159046616,0.856,171.01,0.37,0.37,0.17,0.95,57.5453097072819,0.874,36.25,0.23,0.07,0.07,1.12,179.364674937573,0.282,1.17,0.34,0.07,-0.13,1.4,188.862842853466,0.82,674.922727272727
nwis_03034000,231.265972441777,1.5155309386493,-294.470482534318,-1.97279891654874,11.3344636534416,8.94912701998506,0.63,0.36,0.22,0.12,1.08,171.090109170367,0.626,-0.8,-0.29,-0.26,0.17,1.08,326.527260842249,0.645,14.64,0.21,0.16,0.01,1.26,218.153804399036,0.833,5.1,0.33,0.07,0.09,0.96,49.6628625046879,0.756,30.97,0.28,0.05,0.01,1.2,180.54339687736,0.267,2.2,0.46,0.23,-0.13,1.29,205.413250550725,0.923,905.2
nwis_03061000,219.820108304476,1.69590727761798,-294.107474407727,-1.64194673964804,11.7639996066432,9.72157602684203,0.6,0.46,0.31,0.16,0.46,153.185968257423,0.698,-0.8,-0.28,-0.11,0.19,0.8,7.91362945746428,0.365,14.62,0.33,-0.01,-0.04,1.36,207.074706761738,0.863,31.2,0.51,0.4,0.22,0.62,60.542354877533,0.62,32.14,0.28,0.03,0.01,1.2,181.973051499231,0.224,0.98,0.32,0.09,-0.08,1.39,187.178731389026,0.836,679.4
nwis_03067510,67.2245648175717,0.505355770664376,-121.612837649969,-0.71658611363358,11.7433751258376,6.06606994324065,0.18,0.45,0.25,0.06,1.17,187.018386846982,0.574,-0.33,-0.32,-0.11,0.11,0.46,27.7401371599757,0.786,10.15,0.42,0.07,-0.04,1.33,203.874365054705,0.853,6.03,0.54,0.42,0.21,0.68,47.5388289166927,0.54,32.14,0.25,0,-0.02,1.19,173.932092440851,0.202,2.37,0.49,0.29,-0.1,1.26,200.931521754033,0.936,1000.21666666667
nwis_03183500,261.749180778001,1.5821605471888,-286.561964708502,-1.79478960580845,11.7800307724995,9.95007998471191,0.72,0.39,0.21,0.13,0.82,192.927339626682,0.856,-0.78,-0.38,-0.18,0.14,0.63,30.6583400216678,0.854,13.63,0.37,0,-0.04,1.36,202.820184226106,0.898,56.43,0.62,0.5,0.29,0.61,71.3388392535464,0.717,32.25,0.26,0.02,0.01,1.18,174.907512410668,0.266,1.95,0.42,0.25,-0.03,1.25,186.21933321882,0.967,924.8625
nwis_03219500,310.512075169926,2.39978296615521,-670.625146166495,-3.4539954517194,11.6796025081008,10.8822013040094,0.85,0.4,0.34,0.14,0.81,201.51968345124,0.68,-1.83,-0.19,-0.32,0.2,0.58,29.2040471349616,0.509,15.05,0.28,0.06,-0.01,1.3,205.4875920075,0.865,7.84,0.49,0.23,0.04,0.97,70.7688467891299,0.788,31.91,0.28,0.05,0,1.21,179.491014108504,0.251,0.92,0.48,0.45,0.12,1.17,204.880365003577,0.867,508.8
nwis_03228300,418.846798026297,2.90152779136006,-694.013415896225,-4.66817170460101,11.501017284078,11.0487360855334,1.15,0.42,0.18,0.04,1,82.3622162999558,0.703,-1.9,-0.42,-0.27,0.09,0.75,268.450408651442,0.722,13.48,0.29,0.03,-0.02,1.31,198.787943740244,0.88,2.13,0.67,0.58,0.42,0.35,78.2633512209443,0.374,31.47,0.28,0.05,0.01,1.18,176.144596695255,0.287,1.1,0.38,0.19,-0.06,1.34,197.647757153327,0.931,661.7
nwis_03292470,213.324079992868,1.63498261094318,-305.200833833393,-1.68781483380653,12.3503911816572,7.57066678755581,0.58,0.37,0.31,0.19,0.89,120.559408231926,0.609,-0.84,-0.28,-0.18,0.11,0.65,324.861563236227,0.62,14.68,0.33,-0.03,-0.04,1.37,201.871251489039,0.877,3.92,0.62,0.53,0.33,0.43,42.1734184966409,0.475,33.79,0.26,0.03,0.02,1.2,179.610009055254,0.235,1.37,0.38,0.15,-0.08,1.36,195.568186199622,0.889,691.8
nwis_03292474,272.956141761546,2.6008395962552,-470.097545322517,-2.30231890222409,12.4527511948392,5.19196851707092,0.75,0.55,0.38,0.19,1.04,103.578577782815,0.574,-1.28,-0.24,-0.15,0.15,0.14,276.661244469328,0.558,14.79,0.26,-0.07,-0.01,1.33,204.260497492055,0.827,0.19,0.61,0.45,0.23,0.55,89.6119774255845,0.487,34.02,0.25,0.03,0.02,1.2,182.11491432251,0.266,1.16,0.33,0.1,-0.08,1.38,185.916162700693,0.82,669.4
nwis_03292475,341.504554993395,3.41991968747998,-739.864047999622,-3.55649396436874,11.3311498493592,2.93126899433071,0.94,0.45,0.5,0.33,0.78,101.218163080899,0.388,-2.03,-0.22,0,0.16,0.1,245.671726392563,0.399,15.73,0.2,-0.25,0.1,1.13,221.731415525709,0.799,0.46,0.38,0.39,0.35,0.14,233.575071772912,0.281,31.04,0.28,0.09,0.04,1.1,178.426045038949,0.32,2.56,0.44,0.19,-0.18,1.31,199.243131052381,0.84,647.3
nwis_03292480,105.616534904525,1.03538345312862,-389.38391726489,-2.34487677056834,12.4379742561984,2.65086091412066,0.29,0.53,0.39,0.19,0.97,98.6477800713456,0.561,-1.06,-0.33,-0.21,0.11,0.47,12.597363954328,0.393,14.17,0.29,-0.07,0,1.32,202.179685194008,0.836,0.23,0.49,0.48,0.4,0.33,76.3148762628891,0.17,33.98,0.25,0.03,0.02,1.2,182.495212704061,0.261,2.89,0.42,0.07,-0.2,1.37,195.504892372572,0.835,565
nwis_03293000,274.935108385476,2.12066806530422,-358.92544409546,-2.08161163835804,12.030625457676,9.3782821538969,0.75,0.4,0.35,0.2,0.96,95.8016359619036,0.598,-0.98,-0.28,-0.25,0.21,0.73,307.351046939454,0.495,15.84,0.24,-0.08,-0.03,1.24,208.112158095989,0.924,0.85,0.61,0.55,0.38,0.38,86.5198854488266,0.398,32.92,0.27,0.04,0.02,1.17,180.774359947763,0.279,0.98,0.32,0.03,-0.1,1.38,187.802886322905,0.917,651.975
nwis_03293500,141.03442607088,0.984769868733325,-390.53881221309,-2.20288940354344,12.2356054781352,7.65958707514048,0.39,0.39,0.24,0.1,1.02,108.535853494599,0.361,-1.07,-0.29,-0.27,0.16,0.76,350.196212616263,0.35,14.3,0.3,0.01,-0.07,1.36,198.511819735491,0.816,0.77,0.54,0.53,0.41,0.44,89.4087818982288,0.405,33.52,0.27,0.02,0.02,1.18,177.744859019981,0.17,1.55,0.34,0.04,-0.12,1.4,187.800324781658,0.826,618.575
nwis_03293530,81.4762491714458,0.745670737773598,-307.101314705165,-1.55894142678961,12.3367898671668,8.68988920517465,0.22,0.52,0.43,0.21,0.94,75.389517004048,0.73,-0.84,-0.25,-0.12,0.12,0.47,47.5607890270906,0.416,14.02,0.29,-0.06,-0.01,1.32,202.597704220201,0.862,0.18,0.57,0.51,0.33,0.47,71.7097280238282,0.437,33.75,0.26,0.02,0.02,1.19,180.059061853134,0.234,0.82,0.34,0.09,-0.08,1.39,186.483145916794,0.872,589.3
nwis_03298000,252.985129714934,1.9563218773317,-362.07624559625,-2.07520682147311,12.5113292883936,11.8852718660691,0.69,0.43,0.28,0.13,1.01,114.984776956958,0.503,-0.99,-0.34,-0.14,0.05,1.04,316.448893921353,0.343,15.49,0.32,-0.06,-0.03,1.35,204.295489820585,0.863,5.94,0.64,0.55,0.37,0.43,88.4430807623569,0.565,34.18,0.26,0.03,0.02,1.21,183.071077830376,0.274,1.33,0.36,0.14,-0.11,1.37,184.995838613962,0.817,708.2
nwis_03298150,479.576001071738,2.95134434114527,-547.527430109803,-3.05207885534175,12.3968667376764,4.23247616586905,1.31,0.35,0.12,0.11,0.73,153.279320077309,0.651,-1.5,-0.3,-0.14,0.15,0.65,0.326566356819478,0.531,15.49,0.28,-0.07,-0.02,1.34,207.133808600311,0.844,0.47,0.54,0.53,0.46,0.31,81.8494273472908,0.24,33.92,0.26,0.02,0.02,1.19,180.12649844684,0.239,2.05,0.34,0.09,-0.1,1.38,187.443555278122,0.918,611.9
nwis_03298250,433.47738603312,3.49541360344435,-577.732581269515,-2.6263899560178,11.9434140940968,6.39192436986619,1.19,0.35,0.4,0.28,0.87,91.122267080408,0.559,-1.58,-0.21,-0.08,0.17,0.53,338.695211779293,0.453,14.89,0.25,-0.07,-0.01,1.33,204.519071898347,0.838,0.62,0.46,0.48,0.36,0.27,82.1343468369233,0.324,32.68,0.27,0.06,0.03,1.14,180.860503952952,0.349,1.16,0.28,0.19,-0.04,1.35,192.488735715802,0.878,695.9
nwis_03298300,200.866253026183,1.89601013195607,-442.931969000008,-2.43934842227691,12.5358580870488,5.64288769959271,0.55,0.54,0.33,0.09,1.1,101.949001159122,0.508,-1.21,-0.28,-0.11,0.16,0.57,364.036409416497,0.582,15.26,0.3,-0.02,-0.01,1.36,197.833264345082,0.835,0.21,0.58,0.47,0.34,0.48,117.075058755599,0.26,34.25,0.25,0.03,0.02,1.2,183.235945859284,0.279,1.04,0.31,0.09,-0.08,1.39,182.230462490424,0.83,673.9
nwis_03301900,302.40610021121,2.34891133048761,-502.364565495525,-2.66536250576852,11.9662790107056,3.7302473389781,0.83,0.41,0.39,0.28,0.71,86.7336945789315,0.674,-1.38,-0.27,-0.12,0.2,0.28,276.135070727067,0.466,14.4,0.25,-0.06,0,1.34,203.78018478905,0.831,0.15,0.59,0.56,0.43,0.15,112.790487966586,0.212,32.75,0.27,0.04,0.02,1.16,181.669996347885,0.326,1.92,0.32,0.04,-0.09,1.38,184.866024403504,0.934,597.733333333333
nwis_03302000,131.822518863645,0.914382567846582,-206.676927812854,-1.54318383293865,12.5281591019928,10.4414372320388,0.36,0.4,0.21,0.15,0.66,145.058300348622,0.17,-0.56,-0.51,-0.42,0.31,0.23,34.2112807002556,0.471,16.48,0.31,-0.05,-0.02,1.35,204.607327753911,0.837,2.61,0.54,0.46,0.3,0.3,118.750815967286,0.344,34.23,0.26,0.03,0.02,1.2,183.202115054927,0.262,1.36,0.34,0.03,-0.15,1.39,188.042131332549,0.828,636.2
nwis_03302030,90.126540169023,0.695934299785317,-420.726256467947,-2.62039187556032,12.5281591019928,7.9258751563002,0.25,0.41,0.29,0.19,0.69,119.236166335234,0.286,-1.15,-0.38,-0.2,0.19,0.81,89.5654761948754,0.487,15.76,0.32,-0.06,-0.02,1.35,202.876512153437,0.854,2.77,0.66,0.6,0.43,0.37,79.5335026043327,0.318,34.23,0.26,0.03,0.02,1.2,183.202115054927,0.262,1.31,0.3,0.01,-0.09,1.4,182.884192938465,0.818,723
nwis_03302050,67.3229589910025,0.499237118376421,-327.552767960636,-1.59518641636154,12.5281591019928,4.35485115349726,0.18,0.46,0.25,0.09,1.13,121.69840015413,0.59,-0.89,-0.25,-0.16,0.09,0.51,9.33306003483247,0.485,14.2,0.27,-0.07,-0.03,1.35,207.407269011229,0.831,0.11,0.68,0.62,0.46,0.46,81.1424035137834,0.228,34.23,0.26,0.03,0.02,1.2,183.202115054927,0.262,2.95,0.42,0.08,-0.2,1.37,197.191651210051,0.837,547.5
nwis_03321500,195.042675762929,2.05499192010624,-941.555590450948,-5.56616700736125,12.5330882058648,12.0877353120159,0.53,0.49,0.48,0.3,0.85,196.904844651059,0.454,-2.58,-0.34,-0.16,0.07,0.74,22.587022966479,0.821,16.86,0.31,-0.01,-0.07,1.4,209.969885096898,0.871,358.53,0.53,0.32,0.06,1.05,61.7649829251853,0.933,34.34,0.28,0.02,0.02,1.18,180.330884066915,0.132,0.92,0.36,0.22,-0.03,1.35,198.854216842388,0.823,656.5
nwis_03346500,368.463719283435,3.65026267345414,-784.201638141442,-4.08313671625622,12.3158446346376,10.6525922971055,1.01,0.58,0.43,0.19,0.86,210.153998848712,0.797,-2.14,-0.33,-0.26,0.1,0.78,26.2745879191567,0.764,15.75,0.34,-0.05,-0.03,1.36,204.162928059883,0.879,71.88,0.57,0.55,0.38,0.43,59.2755792511136,0.89,33.65,0.26,0.03,0.01,1.2,182.550549356161,0.253,1.06,0.35,0.13,-0.09,1.39,193.457079575312,0.824,694
nwis_03353200,304.051750965969,2.6025111838134,-341.526606524218,-1.81359928147916,11.8982959011168,5.55563592097879,0.83,0.46,0.32,0.18,0.69,131.411959218435,0.824,-0.93,-0.29,-0.16,0.14,0.55,284.098776380196,0.583,12.96,0.36,0.02,-0.05,1.34,198.948344862141,0.887,5.69,0.73,0.62,0.38,0.49,58.8230914889087,0.505,32.57,0.28,0.02,-0.01,1.24,178.382825642754,0.214,1.01,0.37,0.07,-0.11,1.37,191.571803353427,0.921,572.182352941176
nwis_03353420,181.544931806694,1.50622611437749,-261.817772804437,-1.41172137473555,11.8516600370952,6.14071989180825,0.5,0.47,0.35,0.16,0.94,112.052647961986,0.538,-0.72,-0.26,-0.14,0.13,0.6,351.751231091839,0.329,12.86,0.32,-0.03,-0.02,1.37,212.615533895799,0.82,0.16,0.58,0.56,0.4,0.18,115.128460313047,0.577,32.38,0.27,0.05,0,1.21,180.601737969297,0.252,0.94,0.48,0.46,0.12,1.14,208.670012437375,0.865,576.1
nwis_03374100,504.008209719177,4.83028953215453,-603.569765545838,-3.54634984886714,12.3631370700642,11.7228466232747,1.38,0.57,0.35,0.1,0.92,203.758278505169,0.798,-1.65,-0.36,-0.18,0.09,0.9,363.335160309462,0.484,16.02,0.33,-0.02,-0.03,1.37,204.25645089389,0.926,390.99,0.47,0.34,0.17,0.78,71.9531959412465,0.965,33.83,0.27,0.02,0,1.2,181.230973090112,0.251,0.77,0.38,0.12,-0.06,1.34,196.878979559205,0.949,544.075
nwis_03408500,33.854462186087,0.25207250837791,-135.162369791268,-1.02087421368558,12.4521017917968,10.8839619894674,0.09,0.39,0.28,0.2,0.65,178.307173478633,0.419,-0.37,-0.41,-0.26,0.15,0.77,62.8738128502467,0.741,15.59,0.31,-0.02,-0.02,1.34,203.013050542386,0.911,22.34,0.67,0.56,0.35,0.54,38.8422877929337,0.536,34.08,0.26,0,0.02,1.19,181.027944443953,0.32,2.72,0.45,0.15,-0.16,1.34,191.757949223896,0.876,837.666666666667
nwis_03409500,126.579434094998,0.876412113206802,-262.914461609254,-1.7658741694896,12.8001948210864,9.7191527696966,0.35,0.42,0.3,0.19,0.97,201.810635692088,0.707,-0.72,-0.45,-0.16,-0.02,1.21,54.7041409098779,0.673,16,0.32,-0.03,-0.04,1.37,205.324629351607,0.873,9.09,0.74,0.62,0.39,0.64,43.7971555105166,0.388,34.97,0.24,-0.01,0.03,1.22,183.843591853776,0.278,2.83,0.42,0.14,-0.17,1.36,195.064871077423,0.851,784.3
nwis_03538830,118.463197213508,0.831200305799646,-318.671173864156,-2.08504206645273,12.707591428224,11.4379841855263,0.32,0.42,0.4,0.29,0.57,75.15578813765,0.332,-0.87,-0.5,-0.52,0.46,0.05,182.41070729914,0.543,14.41,0.29,-0.03,-0.02,1.35,204.184731447986,0.89,5.37,0.69,0.58,0.38,0.54,33.6847528094878,0.624,34.78,0.25,-0.01,0.02,1.19,180.312609250889,0.331,2.58,0.43,0.17,-0.12,1.32,194.61367834215,0.952,852.3
nwis_03539778,96.8192301945374,0.578823216613856,-114.879007648567,-0.850124459700856,12.9527750533608,10.3832355953006,0.26,0.36,0.13,0.06,1.01,140.095592792293,0.684,-0.31,-0.4,-0.23,0.12,0.65,5.0983413551584,0.866,15.49,0.31,-0.01,-0.04,1.33,202.846945002287,0.921,7.69,0.68,0.51,0.25,0.69,33.553735744522,0.551,35.44,0.24,0,0.04,1.19,179.969429371709,0.284,2.88,0.38,0.16,-0.12,1.34,191.022110263471,0.936,541.35
nwis_04027000,70.6201590230399,0.559476953483654,-205.507037734619,-1.23042468983046,10.7634830204664,8.261963389955,0.19,0.47,0.27,0.05,1.04,199.344217125321,0.409,-0.56,-0.29,-0.14,0.22,0.44,313.87031562996,0.721,9.94,0.48,0.12,-0.09,1.36,205.750573757621,0.804,22.72,0.41,0.11,-0.06,1.14,49.8836277922771,0.8,29.49,0.31,0.06,-0.02,1.22,171.080741304391,0.154,2.32,0.48,0.31,-0.11,1.25,199.264930151089,0.89,727.3
nwis_04040000,192.017067783785,1.46949719953619,-592.303758776896,-3.84971788014486,11.0674147402728,8.74457341702436,0.52,0.48,0.23,-0.02,1.18,185.221608185905,0.663,-1.62,-0.29,-0.32,0.22,0.77,332.316180541565,0.789,12.39,0.33,0.02,0.08,1.18,184.003911241135,0.82,28.9,0.39,0.3,0.02,0.88,51.3422406643242,0.748,30.24,0.32,0.06,-0.06,1.29,172.317817681934,0.22,2.39,0.5,0.3,-0.11,1.27,193.848190449892,0.887,767
nwis_04059500,245.97678025889,1.56227471119572,-422.899721216634,-2.21876371601914,11.5419347671068,9.87387080630172,0.67,0.37,0.16,0.02,1.19,167.604411031818,0.751,-1.16,-0.33,-0.01,0.04,0.83,307.937236360588,0.89,11.39,0.42,0.13,-0.04,1.32,202.548724824596,0.885,14.8,0.59,0.39,0.11,0.97,50.9957332557461,0.973,31.54,0.32,0.08,-0.03,1.26,173.38848084703,0.285,2.11,0.47,0.31,-0.04,1.26,202.269816765321,0.943,741.4
nwis_04067500,865.065341233905,9.19543772239216,-1293.78400799068,-8.17436226649685,11.5620313893,10.8097506803899,2.37,0.61,0.42,0.12,1.11,218.95409662857,0.779,-3.54,-0.34,-0.26,0.06,1.18,39.7117442309449,0.782,10.59,0.5,0.1,-0.11,1.38,209.887646734673,0.884,106.88,0.32,0.29,0.15,0.81,86.2273783334917,0.967,31.65,0.31,0.08,-0.02,1.24,175.190609581954,0.303,1.22,0.44,0.24,-0.03,1.33,202.282092344969,0.895,702
nwis_04087050,115.981825599441,1.6701751511193,-313.704271755326,-2.12401191120789,11.7571030910827,6.64077225977112,0.32,0.64,0.57,0.32,0.8,106.472914343808,0.826,-0.86,-0.34,-0.31,0.19,0.8,291.371692611264,0.595,9.32,0.44,0.05,-0.06,1.35,203.620281305427,0.854,0.23,0.67,0.56,0.33,0.63,99.9400988499815,0.724,32.19,0.3,0.04,-0.03,1.25,178.724444004812,0.245,0.84,0.43,0.19,-0.03,1.34,196.943151924703,0.942,619.44
nwis_04101500,372.809706807889,3.71175306124603,-514.694491994851,-5.13834954191014,11.5935050216916,10.7415218588474,1.02,0.54,0.43,0.23,0.87,208.759241561764,0.796,-1.41,-0.48,-0.4,0.22,0.97,24.0101777122831,0.703,13.4,0.38,0,-0.06,1.37,200.353031748818,0.921,91.81,0.33,0.29,0.14,0.98,78.6824283510422,0.971,31.72,0.3,0.04,-0.03,1.26,174.968709022233,0.225,2.46,0.46,0.15,-0.15,1.33,199.571449657398,0.936,705.622222222222
nwis_04108660,700.851262534733,4.74102072198707,-731.119436500613,-4.54809461511101,12.3354716568451,11.1104890541733,1.92,0.4,0.15,0.07,0.99,154.553561995155,0.724,-2,-0.37,-0.12,0.08,0.99,334.151203330748,0.728,13.17,0.37,0.02,-0.04,1.36,202.364340847979,0.92,60.39,0.22,0.2,0.15,0.71,79.5756199556625,0.974,33.76,0.32,0.07,-0.04,1.26,175.732785293281,0.239,2.37,0.49,0.22,-0.13,1.3,204.168203898774,0.922,1079.3
nwis_04119400,906.436619833459,8.41020694009725,-765.854898068009,-4.89417677226193,12.5552496202686,11.6222316024314,2.48,0.49,0.36,0.2,0.87,196.608925728007,0.83,-2.1,-0.3,-0.23,0.17,0.71,19.6966143547399,0.595,12.76,0.41,0.04,-0.05,1.37,205.543382264933,0.917,140.11,0.35,0.26,0.12,0.87,82.9216186947963,0.976,34.35,0.31,0.07,-0.03,1.26,174.2344953222,0.211,2.11,0.51,0.26,-0.09,1.3,196.800549253983,0.905,771
nwis_04121944,402.915716941194,3.22017635948847,-653.273849662291,-3.23274441487428,11.2998299390144,9.61873066209244,1.1,0.46,0.29,0.11,1.03,198.494897108041,0.757,-1.79,-0.25,-0.06,0.13,0.81,17.3514323434443,0.873,10.17,0.41,0.03,-0.06,1.36,201.266295687706,0.885,10.34,0.28,0.4,0.26,0.72,80.9436240207567,0.902,30.93,0.3,0.06,-0.02,1.23,171.947935551837,0.233,2.43,0.48,0.27,-0.09,1.28,202.716441810566,0.922,939.844444444444
nwis_04121970,211.274438385214,1.81307203778574,-893.556107665654,-4.90234434771615,11.2665404057371,3.68618940287585,0.58,0.48,0.35,0.19,0.83,187.640505405841,0.317,-2.45,-0.31,-0.07,0.09,0.53,27.2544906893879,0.719,11.33,0.4,0.03,-0.1,1.39,216.294884080346,0.894,60.39,0.28,0.38,0.24,0.85,89.3118635346312,0.939,30.83,0.3,0.06,-0.02,1.23,173.005613584136,0.22,1.87,0.51,0.28,-0.07,1.27,201.573705545847,0.943,672.64
nwis_04124000,151.455563100857,1.04715792032467,-343.480076669006,-1.68722343055436,10.9686505239752,10.1459477102365,0.41,0.43,0.21,0.03,1.17,197.6228855121,0.644,-0.94,-0.26,-0.15,0.2,0.63,340.432034188188,0.904,9.37,0.43,0.04,-0.06,1.36,200.680637518563,0.913,31.39,0.14,0.31,0.21,0.6,83.2864351336722,0.955,30.02,0.31,0.06,-0.02,1.22,170.944529269402,0.243,1.16,0.49,0.27,-0.01,1.3,198.743557579885,0.946,681.077777777778
nwis_04124200,40.3350639056375,0.387715266508883,-820.36698060896,-4.07563854930282,10.9578839015117,3.79829266499606,0.11,0.46,0.37,0.23,0.75,194.864946621837,0.277,-2.25,-0.28,-0.02,0.08,0.35,345.790510130095,0.879,10.42,0.41,0.04,-0.09,1.39,210.386576545955,0.911,35.78,0.13,0.29,0.21,0.76,89.1589780926026,0.898,29.99,0.32,0.07,-0.03,1.22,172.861779483804,0.262,1.89,0.55,0.32,-0.05,1.26,200.938250393497,0.922,715.52
nwis_04125460,204.384628054809,1.41217580867044,-742.836429817473,-3.14016516989948,10.9646925950856,9.94188656234852,0.56,0.44,0.23,0.05,0.96,203.675017175872,0.803,-2.03,-0.17,-0.1,0.12,0.57,7.81739164526163,0.855,8.64,0.36,0,-0.05,1.36,202.101495704349,0.873,8.52,0.16,0.43,0.28,0.65,89.8410604490903,0.863,30.01,0.32,0.06,-0.02,1.23,172.281087670703,0.244,2.26,0.49,0.3,-0.07,1.27,203.015106626373,0.893,719.444444444444
nwis_04125550,104.671320162502,0.813503089703935,-1198.59020534379,-5.04075794492354,10.9314558194688,9.62765714097883,0.29,0.45,0.3,0.15,0.84,186.220414798153,0.29,-3.28,-0.22,0.09,0.07,0.28,74.7433653326168,0.77,10.42,0.42,0.04,-0.09,1.39,209.883118942995,0.905,51.38,0.13,0.27,0.23,0.57,86.401539754495,0.919,29.93,0.32,0.07,-0.03,1.23,172.321534629633,0.261,2.1,0.53,0.29,-0.07,1.27,201.644474123002,0.915,768.814285714286
nwis_04136000,432.906656404384,2.75051064811517,-504.965756111353,-2.69002083307647,10.988482687728,9.83623596606617,1.18,0.39,0.18,0.02,1.23,193.91297217278,0.592,-1.38,-0.31,-0.1,0.02,1.2,8.90226807974925,0.576,9.44,0.4,0.07,-0.06,1.35,200.590396346055,0.855,23.28,0.17,0.32,0.21,0.61,93.3248807740521,0.943,30.08,0.32,0.07,-0.02,1.21,171.357352867322,0.235,2.02,0.32,0.25,0.04,1.28,204.597142142611,0.959,760.133333333333
nwis_04136500,93.3252227909306,0.847422424188418,-721.203632190124,-3.99880188946897,10.9731778443896,9.27458540814377,0.26,0.51,0.38,0.17,0.93,195.096574851867,0.204,-1.97,-0.32,-0.09,0.08,0.31,188.626931536995,0.728,9.91,0.45,0.06,-0.08,1.37,203.405918876695,0.91,28.37,0.15,0.33,0.22,0.67,98.1340222580638,0.915,30.04,0.32,0.07,-0.02,1.21,171.522586199407,0.235,1.07,0.44,0.27,0.02,1.29,197.418229342228,0.951,616.788888888889
nwis_04136900,692.27150357453,3.86265129533042,-1017.71576995195,-5.12839527955852,11.0756342376855,8.68173933921265,1.9,0.33,0.13,0.04,1.16,193.335191608824,0.67,-2.79,-0.23,-0.1,0.17,0.86,13.4112905049327,0.868,10.06,0.42,0.08,-0.07,1.37,202.505534279909,0.883,33.81,0.15,0.31,0.18,0.69,85.5791141715327,0.943,30.32,0.32,0.07,-0.02,1.2,170.911038463849,0.25,1.87,0.46,0.37,0,1.21,198.479730962736,0.928,708.7
nwis_04137005,91.6770164325179,0.829082362213369,-828.90420336929,-4.02913600907902,11.1479913622056,9.40887337668444,0.25,0.52,0.36,0.16,0.9,186.487688100847,0.156,-2.27,-0.25,-0.09,0.09,0.01,229.395586920014,0.8,10.38,0.44,0.06,-0.08,1.38,205.118296207404,0.921,34.69,0.14,0.29,0.22,0.45,99.6358475787444,0.915,30.51,0.32,0.07,-0.01,1.22,170.497737689116,0.149,1.66,0.32,0.22,0,1.29,201.646123445908,0.955,723.066666666667
nwis_04137500,189.429492596907,1.58787487754764,-1272.58466361261,-6.0228338080122,11.5652809700624,10.1850643590961,0.52,0.48,0.35,0.15,1.01,218.166892277322,0.447,-3.48,-0.24,-0.01,0.1,0.52,62.1711338269184,0.743,11.31,0.45,0.06,-0.1,1.39,213.838808498277,0.894,38.51,0.15,0.33,0.24,0.57,100.470810183601,0.879,31.66,0.33,0.08,-0.03,1.23,174.006399181207,0.262,2.12,0.49,0.3,-0.04,1.27,203.062668448932,0.915,822.544444444444
nwis_04142000,312.311123141426,1.99033377526204,-347.210026566822,-1.9947137295795,11.5259192282556,10.0855513067339,0.85,0.4,0.12,0.04,1.08,193.032152804488,0.793,-0.95,-0.34,-0.13,0.06,1.05,362.068240424095,0.761,10.49,0.43,0.06,-0.05,1.35,203.306537764374,0.888,9.92,0.34,0.5,0.36,0.69,85.0352691474207,0.893,31.53,0.31,0.08,-0.01,1.23,173.142526520618,0.248,1.98,0.47,0.33,-0.02,1.26,200.525506675758,0.92,740.1
nwis_041482663,294.170044145332,3.26791280635526,-452.400280961935,-2.71308166360601,11.1126556078272,5.24921397933381,0.81,0.56,0.49,0.25,0.85,122.106038596466,0.768,-1.24,-0.32,-0.21,0.07,1.19,303.682945603886,0.287,11.03,0.41,0,-0.08,1.36,207.190815146332,0.769,0.45,0.68,0.54,0.26,0.66,69.0595869767418,0.705,30.45,0.3,0.08,0.02,1.2,171.787011710069,0.128,1.63,0.56,0.4,0.07,1.2,208.242752496171,0.859,613
nwis_04166500,135.418909359386,1.49088575448474,-590.837759558304,-3.61964711231798,11.5486410477816,10.588451129363,0.37,0.53,0.47,0.28,0.7,116.514415073666,0.613,-1.62,-0.33,-0.23,0.11,1.02,22.7174297043708,0.465,11.23,0.41,0,-0.06,1.36,204.042466731916,0.885,4.71,0.47,0.42,0.22,0.47,72.3945265118616,0.636,31.61,0.3,0.06,0,1.23,174.589749780316,0.208,1.55,0.35,0.08,-0.07,1.36,200.392663492455,0.95,725.78
nwis_04176500,746.309490851425,5.92547526381988,-1224.30489861028,-7.1887203164344,11.8877468217682,11.0775781241597,2.04,0.46,0.23,0.14,0.61,200.405390323508,0.761,-3.35,-0.31,-0.17,0.16,0.53,21.4432022405693,0.775,12.4,0.42,0.02,-0.07,1.37,204.821804613981,0.918,28.02,0.62,0.55,0.3,0.69,65.8960538619835,0.974,32.53,0.29,0.05,0,1.23,176.388624557386,0.194,1.13,0.45,0.29,0.03,1.27,203.350988105408,0.923,612.92
nwis_04195500,385.344093035842,3.92669665557751,-389.484523632059,-2.744342813351,12.0760259153184,11.4630369395798,1.05,0.49,0.43,0.25,0.92,149.545875571007,0.7,-1.06,-0.45,-0.49,0.33,0.71,329.96404045641,0.659,14.24,0.35,0.03,-0.04,1.37,196.874290805783,0.847,9.79,0.69,0.58,0.3,0.88,37.2161608705143,0.692,32.99,0.3,0.03,-0.03,1.27,172.650174906211,0.085,0.73,0.41,0.35,0.07,1.21,208.761446396489,0.84,542.2
nwis_04208000,385.909997313243,2.83803290815923,-455.132899621414,-2.51078198127912,11.3121950522616,10.4139202285238,1.06,0.43,0.26,0.16,0.9,178.983643247617,0.822,-1.24,-0.27,-0.21,0.21,0.72,361.573205958547,0.613,14.33,0.32,-0.05,0,1.29,198.190517985675,0.941,23.41,0.35,0.3,0.2,0.67,34.7135369405902,0.746,30.94,0.3,0.04,-0.03,1.26,176.264149058085,0.21,0.75,0.4,0.1,-0.13,1.37,194.988149570448,0.896,561.433333333333
nwis_04213500,312.129830310544,1.84516661965506,-520.120380929438,-2.87288800618661,10.9829544678,9.02246875684905,0.85,0.39,0.15,0.1,0.8,181.965837364987,0.5,-1.42,-0.28,-0.21,0.16,0.48,293.504994737074,0.525,12.17,0.41,0.05,-0.06,1.35,199.001192906897,0.81,18.52,0.52,0.44,0.24,0.74,37.4417727234585,0.411,30.01,0.3,0.03,-0.02,1.23,171.515830675595,0.16,1.03,0.38,0.14,-0.07,1.38,191.418169917238,0.821,640.3
nwis_04249000,1189.33786610996,9.25696595993534,-1418.36939254306,-8.36318935571983,10.9439030370936,5.04479268932987,3.26,0.46,0.29,0.13,0.61,194.483681597437,0.758,-3.88,-0.37,-0.06,-0.01,1.06,30.8532215429178,0.717,12.23,0.44,0.04,-0.09,1.39,208.86709545654,0.903,196.59,0.38,0.16,0.05,0.76,57.7200325877304,0.929,29.96,0.32,0.08,-0.02,1.2,173.410343047453,0.202,1.57,0.45,0.14,-0.1,1.36,201.242377930992,0.891,757.5
nwis_05057000,182.224173957615,1.41275874861018,-481.969646483556,-3.37797857499202,11.3418403570836,10.4365036571337,0.5,0.5,0.26,0.04,0.49,133.233617444501,0.843,-1.32,-0.43,-0.18,0.04,1.01,16.063893999389,0.854,11.14,0.44,0.09,-0.06,1.33,201.901463821213,0.902,11.25,0.32,0.01,0.06,1.05,205.837718081826,0.947,31.03,0.31,0.08,-0.04,1.27,173.830388923528,0.279,1.34,0.54,0.39,0.06,1.22,201.548892409594,0.871,529.1
nwis_05406457,775.911388019392,5.07733065713632,-1302.71909644253,-6.30277864705546,11.445652768356,6.42986809998454,2.12,0.4,0.17,0.07,1.03,176.061087518574,0.725,-3.57,-0.23,-0.11,0.16,0.87,24.795531105733,0.65,10.49,0.23,-0.03,-0.03,1.28,206.120351259359,0.883,0.36,0.2,0.26,0.23,0.38,129.82197470043,0.848,31.33,0.28,0.06,0,1.22,174.818280262029,0.217,1.12,0.42,0.16,-0.05,1.35,198.52683421623,0.935,598.357142857143
nwis_05406469,226.224052140545,1.67017655711722,-399.692775235164,-2.09863515098238,11.5298031235968,5.38571946298964,0.62,0.41,0.24,0.17,0.76,134.817781779016,0.666,-1.09,-0.28,-0.13,0.1,0.61,107.187354110587,0.552,10.22,0.32,-0.02,-0.07,1.36,206.337904888616,0.712,0.06,0.34,0.51,0.44,0.05,9.33288736020661,0.203,31.55,0.28,0.06,0,1.24,175.087820195011,0.169,1.82,0.42,0.15,-0.02,1.37,202.332782300415,0.907,699.75
nwis_05406479,520.973580841581,2.89164550152233,-671.221010122149,-2.9955489702148,11.5051355340768,9.30902306753206,1.43,0.31,0.1,0.07,1.06,175.203843843695,0.467,-1.84,-0.21,-0.01,0.21,0.73,47.3503083442438,0.523,10.69,0.23,-0.04,-0.02,1.35,207.119721007616,0.77,0.58,0.17,0.32,0.26,0.05,208.631703793844,0.37,31.48,0.28,0.06,0,1.24,174.815422018282,0.168,1.04,0.43,0.24,-0.04,1.33,198.914427431543,0.899,594.75
nwis_05406500,670.759721511974,3.51528709461506,-697.294324352231,-3.05698423535913,11.6385780761208,11.2997352447276,1.84,0.32,0.07,0.07,1.05,165.357510949281,0.6,-1.91,-0.21,-0.01,0.11,1.04,354.88366257834,0.483,10.77,0.29,0.01,0,1.34,195.847982162135,0.81,1.32,0.17,0.24,0.26,0.4,121.783090248348,0.813,31.86,0.28,0.05,-0.01,1.23,174.045552246419,0.196,0.83,0.47,0.3,0.04,1.26,199.850546263855,0.93,557.933333333333
nwis_05435943,394.400096953209,2.62409655807946,-627.00060371959,-2.7474947380678,11.3780401248248,7.40543397159193,1.08,0.37,0.23,0.15,0.8,147.325278220818,0.707,-1.72,-0.2,-0.07,0.15,0.43,3.29480246464799,0.618,11.94,0.23,0,0,1.34,208.997195332117,0.811,0.52,0.3,0.54,0.45,0.2,175.146437608078,0.556,31.14,0.28,0.06,0,1.21,173.684181330648,0.212,0.82,0.43,0.12,-0.06,1.37,198.799631170581,0.929,541.933333333333
nwis_05435950,484.782689251247,2.83088513932426,-561.412512297226,-2.48641029423921,11.372548328694,10.9480473669792,1.33,0.36,0.18,0.09,0.57,183.162745330759,0.841,-1.54,-0.2,-0.13,0.15,0.53,7.72216348462409,0.695,11.08,0.31,-0.02,-0.02,1.27,197.287360633294,0.905,2.02,0.26,0.35,0.32,0.33,139.194836223074,0.813,31.14,0.28,0.06,0,1.21,173.643212374605,0.223,0.86,0.48,0.27,0.02,1.29,201.03686276992,0.94,608.2375
nwis_05515500,66.1102953336257,0.471773625000099,-265.904457185129,-1.21271766768722,11.6449677299088,11.1321194736924,0.18,0.42,0.23,0.06,0.69,196.456713046917,0.738,-0.73,-0.22,-0.12,0.15,0.85,50.0838512417661,0.719,12.33,0.31,-0.01,-0.04,1.35,202.27364966077,0.852,19.49,0.2,0.2,0.18,0.4,84.4199011811973,0.937,31.87,0.28,0.05,0,1.23,175.827170413017,0.181,0.85,0.5,0.34,0.01,1.27,203.654206794828,0.897,598.766666666667
nwis_05579630,262.964135256698,1.94106434797555,-326.495689172018,-1.76468619612473,12.3865675262784,9.60472952731882,0.72,0.44,0.13,-0.03,1.09,80.6171132342772,0.621,-0.89,-0.27,-0.08,0.08,0.75,268.74815012989,0.737,16.4,0.21,-0.02,0.13,1.03,177.061320484345,0.734,0.08,0.43,0.19,0.24,0.5,63.6009322647097,0.541,33.84,0.28,0,-0.04,1.28,175.361501261493,0.125,0.76,0.41,0.25,-0.02,1.31,199.262185049648,0.826,432.8
nwis_05599490,66.0007548564182,0.454482056813518,-565.845505897389,-3.46022961809332,12.4467334080264,10.6281708034031,0.18,0.4,0.28,0.15,0.83,176.661447804909,0.39,-1.55,-0.41,-0.19,0.06,0.86,10.1123216292571,0.843,16.61,0.32,-0.05,-0.02,1.37,206.27399807248,0.879,76.18,0.5,0.35,0.19,0.39,93.6774259778882,0.92,34.01,0.26,0.02,0.01,1.17,181.829557671542,0.257,2.69,0.44,0.14,-0.16,1.36,191.025608573072,0.833,597.1
nwis_06893350,82.4143237005519,0.462533143873384,-135.384845123814,-0.772001809247836,12.9108640021704,9.47818699172283,0.23,0.37,0.15,0.09,0.89,156.199327941507,0.661,-0.37,-0.32,-0.14,0.15,0.65,5.01555961771446,0.29,15.58,0.33,-0.04,-0.01,1.35,190.078719787217,0.836,0.45,0.77,0.81,0.69,0.08,139.95906452121,0.432,35.28,0.25,0,-0.05,1.3,175.4854668239,0.235,0.92,0.28,-0.04,-0.1,1.36,177.082313059704,0.826,483.683333333333
nwis_06893620,78.128208358679,0.496798501034342,-139.37179984288,-0.732711587723081,12.4248998097,8.35700597588545,0.21,0.34,0.28,0.24,0.62,115.142991272063,0.74,-0.38,-0.29,-0.12,0.14,0.72,358.633024567181,0.41,13.75,0.34,-0.03,-0.05,1.33,196.835491368064,0.865,0.11,0.7,0.7,0.53,0.28,126.458487152602,0.476,33.99,0.26,0.02,-0.03,1.25,178.962982166814,0.254,0.83,0.35,0.06,-0.14,1.35,190.284919335307,0.954,519.125
nwis_06893820,76.5883646211229,0.556095391616979,-135.468641751935,-0.843159313031625,12.3618439764,11.9210923282436,0.21,0.42,0.31,0.19,0.53,139.886353796734,0.82,-0.37,-0.36,-0.22,0.12,0.9,365.036890052155,0.671,14.09,0.38,-0.02,-0.03,1.36,200.239357932035,0.886,2.45,0.72,0.69,0.49,0.36,143.73747963426,0.762,33.84,0.26,0,-0.02,1.24,180.504693499104,0.249,1.61,0.41,0.13,-0.1,1.36,190.632735142409,0.938,581.542857142857
nwis_06893890,63.9222387164381,0.554014201882891,-243.479910659,-1.95395625527989,12.4831734187608,9.83084244527049,0.17,0.48,0.32,0.12,0.87,129.38995012543,0.652,-0.67,-0.41,-0.32,0.2,0.8,22.3529532677253,0.739,14.8,0.38,0.01,-0.05,1.36,196.797064793699,0.901,0.74,0.7,0.57,0.36,0.53,126.684623158437,0.973,34.17,0.26,0,-0.03,1.26,180.602203492495,0.24,1.21,0.39,0.1,-0.1,1.36,185.857273450199,0.93,522.333333333333
nwis_06893970,54.8023187546732,0.726438911530746,-80.9943696513631,-0.567832315198709,12.0028257471528,6.43862634977057,0.15,0.63,0.54,0.29,0.88,107.647056090014,0.811,-0.22,-0.43,-0.27,0.14,0.78,323.51518874946,0.31,12.11,0.43,0.02,-0.08,1.37,202.986007465866,0.823,0.19,0.76,0.69,0.49,0.46,113.543079938239,0.347,32.88,0.26,0.03,-0.01,1.2,182.348969596125,0.181,1.53,0.37,0.1,-0.12,1.39,204.524201009625,0.822,626.2
nwis_06894000,33.709352697781,0.266928970173183,-74.8221849926568,-0.45087852184491,12.2000074298712,11.8861266682955,0.09,0.47,0.3,0.16,0.77,147.196838965912,0.544,-0.2,-0.38,-0.19,0.11,0.92,1.59311015399815,0.472,14.53,0.38,-0.02,-0.03,1.37,202.247433969855,0.884,5.92,0.63,0.58,0.38,0.38,141.626770635118,0.599,33.4,0.26,0.01,-0.01,1.23,180.308383302869,0.258,1.06,0.46,0.36,0.11,1.15,206.556703210427,0.974,571.742857142857
nwis_07048600,171.066938800964,1.24939838738456,-443.95321090206,-4.08952928172143,12.7295612565156,11.3545936500987,0.47,0.41,0.27,0.15,0.8,169.669520348254,0.736,-1.21,-0.51,-0.31,0.12,1.1,5.38180204883596,0.734,17.28,0.28,-0.01,0,1.36,206.559069935851,0.872,20.37,0.74,0.66,0.48,0.24,106.381816659828,0.495,34.83,0.24,-0.01,0,1.2,183.630674993031,0.335,2.22,0.32,0.05,-0.11,1.38,181.504990791508,0.898,659.8
nwis_07061270,62.5634753661209,0.400838500329951,-121.747833194688,-0.939354199439709,12.3330633831648,10.7040919712425,0.17,0.36,0.2,0.14,0.86,209.966724087547,0.597,-0.33,-0.44,-0.31,0.17,0.22,240.248748091579,0.793,14.41,0.3,0.02,0,1.35,203.932938532819,0.875,2.12,0.74,0.7,0.55,0.23,88.6720513906589,0.55,33.76,0.25,0,-0.01,1.2,181.497654679429,0.267,2.5,0.45,0.19,-0.12,1.32,193.805047505542,0.925,745.657142857143
nwis_07061290,36.9485232515736,0.238375559530382,-368.80378017809,-2.47709759380416,12.3577196591457,5.11955207747445,0.1,0.4,0.21,0.11,0.82,198.059530654847,0.401,-1.01,-0.38,-0.24,0.14,0.53,319.657486909571,0.723,15.7,0.32,0.03,-0.03,1.38,211.617018309607,0.922,3.63,0.71,0.65,0.46,0.23,74.01963854446,0.572,33.83,0.25,0,-0.01,1.2,182.767130073691,0.281,2.48,0.45,0.2,-0.12,1.31,192.541123249053,0.941,758.35
nwis_07075250,26.1140464380065,0.204654930739004,-112.65499669548,-1.0685910299724,12.8166011372347,11.2364730778193,0.07,0.46,0.35,0.16,0.89,142.550941212321,0.629,-0.31,-0.51,-0.43,0.25,0.6,298.27487954654,0.747,15.05,0.27,0.04,-0.01,1.36,211.098191168227,0.89,2.34,0.72,0.6,0.39,0.34,75.4443316359859,0.432,35.09,0.24,-0.01,0.01,1.2,183.086937304351,0.334,3.04,0.42,0.09,-0.19,1.34,194.060996479067,0.912,728.28
nwis_07075270,21.9419399937789,0.203531181728942,-110.519832998446,-0.851205070115573,12.8084406590448,11.3649005520641,0.06,0.51,0.39,0.18,0.98,136.291916193101,0.602,-0.3,-0.51,-0.33,0.11,0.64,18.2442777439642,0.782,14.78,0.32,0,-0.04,1.37,208.637667181455,0.865,3.05,0.73,0.64,0.44,0.6,99.9626715095043,0.61,35.09,0.25,0.01,0.02,1.14,183.323505556902,0.308,2.63,0.41,0.06,-0.19,1.36,197.546508261778,0.871,899.4
nwis_07109500,677.587093126618,4.80683259842648,-1596.52692700992,-8.8605160868571,13.8222633185928,13.2203152497037,1.85,0.43,0.3,0.18,0.21,33.0123265123755,0.936,-4.37,-0.3,-0.18,0.06,0.21,261.734590260149,0.918,12.56,0.32,-0.01,-0.02,1.34,207.702628564662,0.808,23.71,0.5,0.58,0.35,0.77,172.43316241206,0.939,37.84,0.22,0.01,-0.03,1.31,173.354786302735,0.371,0.56,0.39,0.24,0.02,1.28,201.532863368255,0.976,265.371428571429
nwis_07143672,213.52707783553,1.8661236031931,-324.197359357578,-2.18569311736855,12.8865828849345,11.991872026242,0.58,0.5,0.34,0.18,0.59,156.103152461834,0.836,-0.89,-0.39,-0.3,0.21,0.75,361.542826872005,0.504,14.7,0.35,-0.02,-0.04,1.36,198.296443707882,0.861,5.27,0.85,0.85,0.72,0.28,184.465106846553,0.887,35.28,0.25,0.02,-0.01,1.25,178.02892116918,0.279,1.22,0.34,0.21,0.06,1.17,175.926772175371,0.989,411.125
nwis_07144100,418.241050848892,3.30208559341945,-482.920834865718,-2.97558802966432,12.9390860496672,12.2793571008431,1.14,0.46,0.29,0.14,0.57,150.469735232139,0.842,-1.32,-0.33,-0.2,0.15,0.8,345.774945616384,0.644,14.94,0.35,-0.02,-0.04,1.37,196.31406138101,0.838,7.92,0.84,0.84,0.73,0.26,186.558683479127,0.867,35.42,0.25,0.02,-0.02,1.25,177.465986418136,0.277,1.08,0.34,0.36,0.16,1.03,195.990653219876,0.986,426.771428571429
nwis_07164500,1318.60907127899,8.19014597403615,-1161.08161976711,-7.79188282471971,13.3096383431256,13.2162833726494,3.61,0.34,0.14,0.1,0.95,200.62216960646,0.667,-3.18,-0.32,-0.27,0.15,0.99,20.8927802421167,0.478,17.4,0.29,-0.05,-0.03,1.37,204.48032572037,0.813,59.51,0.67,0.56,0.35,0.46,114.715401568778,0.941,36.43,0.24,0,-0.02,1.25,179.381618961949,0.276,0.34,0.3,0.03,-0.05,1.36,187.311992852306,0.943,170.5
nwis_07177500,88.1181545883229,0.56339484375063,-198.137695355802,-1.3432977473002,13.0045900108446,12.5340687196109,0.24,0.38,0.22,0.14,0.66,158.822626343752,0.637,-0.54,-0.34,-0.26,0.23,0.27,37.5105847865362,0.588,16.18,0.32,-0.05,-0.01,1.36,202.560506650048,0.873,11.41,0.64,0.71,0.54,0.36,123.543088373906,0.728,35.63,0.25,0.01,-0.02,1.22,180.748375325965,0.319,1.42,0.36,0.15,-0.03,1.29,187.492525807564,0.968,366.175
nwis_07178200,56.1550393639349,0.467216191356777,-162.25683200874,-1.10889808525662,13.0234675021332,12.78104093778,0.15,0.45,0.35,0.22,0.58,154.43561455599,0.564,-0.44,-0.41,-0.4,0.32,0.04,10.6756571871775,0.184,17.63,0.27,-0.02,0,1.36,201.967358235981,0.9,18.18,0.65,0.73,0.56,0.28,116.650016425701,0.734,35.66,0.25,0.01,-0.02,1.22,181.094530382518,0.336,1.02,0.37,0.06,-0.11,1.36,188.622340078592,0.933,367.483333333333
nwis_071912213,352.984309267951,2.09999135613999,-515.352968493579,-2.88573557484443,12.7913387271376,12.2342725516322,0.97,0.31,0.19,0.14,0.84,157.661181922003,0.854,-1.41,-0.29,-0.2,0.14,0.71,358.398973409327,0.848,15.98,0.17,0.01,-0.01,1.37,220.000129669324,0.872,5.14,0.62,0.69,0.55,0.17,94.40653852381,0.637,35.01,0.25,0.02,0,1.22,181.756148050748,0.311,1.13,0.32,0.06,-0.06,1.35,184.363876796646,0.957,611.088888888889
nwis_07191222,171.541461029812,1.0261358152395,-357.421114904842,-2.01275483112481,12.846769954116,8.37235962501433,0.47,0.34,0.23,0.16,0.73,155.420383616466,0.824,-0.98,-0.3,-0.25,0.17,0.68,352.898548167232,0.784,16.27,0.22,0.01,-0.02,1.38,213.769242096053,0.893,1.47,0.67,0.63,0.46,0.29,104.065781325035,0.542,35.15,0.25,0.02,-0.01,1.22,181.012793492081,0.313,2.17,0.35,0.16,-0.04,1.28,183.42423534887,0.97,460.966666666667
nwis_07239450,1613.89080938188,10.8098722858714,-1663.85799890474,-7.77017188674202,13.7646964754208,13.3258134696333,4.41,0.37,0.2,0.11,0.98,179.84764398536,0.567,-4.55,-0.19,-0.15,0.15,0.85,355.874537804935,0.331,17.63,0.29,-0.08,0.01,1.34,196.96261652811,0.748,1.65,0.44,0.46,0.31,0.62,131.029319594041,0.77,37.61,0.21,0,0,1.27,173.470917247293,0.315,1.32,0.09,0.3,0.36,0.87,132.494859767175,0.89,628.6
nwis_07241550,987.439462851328,7.23562990805615,-1037.87691204064,-5.85010558659228,13.4666487744264,12.6911315774365,2.7,0.42,0.34,0.21,0.65,181.240803348672,0.854,-2.84,-0.29,-0.18,0.11,0.88,38.2583272258892,0.797,18.45,0.26,-0.06,-0.02,1.34,197.638784572143,0.828,5.19,0.44,0.57,0.41,0.39,156.145579523352,0.361,36.84,0.23,0,-0.02,1.25,177.396867031721,0.267,0.97,0.2,0.06,0.08,1.06,167.659313707885,0.987,396.7
nwis_07263296,38.9086402745091,0.291914498000681,-236.060433883915,-1.57878744621222,12.8600292851352,11.5213545018427,0.11,0.42,0.26,0.1,0.9,129.834986101382,0.418,-0.65,-0.32,-0.21,0.22,0.43,15.4717254014068,0.756,16.2,0.28,-0.02,-0.02,1.37,200.82495143164,0.885,5.31,0.77,0.68,0.48,0.11,65.2881304663854,0.321,35.23,0.25,0.03,0.02,1.16,181.269893629259,0.352,2.82,0.38,0.1,-0.16,1.35,198.660552521676,0.909,510.55
nwis_07332620,74.042504644953,0.693097855139045,-139.245851612772,-0.753095121282281,13.5195998219352,12.7521987668655,0.2,0.53,0.38,0.18,0.76,166.932297861454,0.874,-0.38,-0.38,-0.26,0.17,0.5,14.5327660153243,0.496,18.42,0.25,-0.07,0.01,1.33,195.366444890638,0.853,3.73,0.89,0.84,0.7,0.34,115.562146200356,0.699,36.99,0.23,0.01,0.02,1.21,179.829522429808,0.361,2.11,0.34,0.03,-0.1,1.37,180.919162637546,0.93,842.3
nwis_07332622,55.0268525351568,0.496128388094365,-138.942842134074,-0.918264961117801,13.3881733604682,12.4594225970407,0.15,0.51,0.4,0.19,0.79,122.897652848626,0.649,-0.38,-0.43,-0.46,0.33,0.39,310.545023527939,0.211,18.67,0.26,-0.08,-0.01,1.35,200.491763479172,0.85,10.57,0.89,0.82,0.64,0.24,111.071740557014,0.767,36.65,0.24,0.01,0.02,1.2,182.498869845834,0.4,2.62,0.41,0.1,-0.11,1.36,186.579519042362,0.922,688.95
nwis_07374000,287.955288242672,2.35529104718663,-893.071546642188,-4.61460146008998,14.076045116028,13.9475769325886,0.79,0.44,0.33,0.21,0.58,276.915527869444,0.711,-2.45,-0.25,-0.1,0.14,0.79,30.5463303863311,0.649,18.42,0.28,-0.04,-0.05,1.38,210.990165739447,0.928,14129.58,0.3,0.1,-0.01,1.02,108.051615511095,0.991,38.54,0.21,-0.01,0.08,1.12,175.403793581967,0.446,0.56,0.15,-0.03,0.04,1.32,187.557083543524,0.957,271.725
nwis_08049500,336.006987373507,2.12842116749346,-562.999924258232,-2.5087843810441,13.9877078829192,13.5980609986507,0.92,0.37,0.18,0.1,0.83,179.27417391965,0.699,-1.54,-0.19,-0.13,0.22,0.55,364.289322154857,0.377,21.74,0.18,-0.04,-0.01,1.35,203.977072055489,0.865,16.72,0.58,0.68,0.47,0.14,73.7728819282654,0.698,38.29,0.22,-0.01,0,1.24,177.084033159491,0.39,1.18,0.32,0.05,-0.04,1.28,172.220910509624,0.959,353.411688311688
nwis_08052700,26.4513515879791,0.197759652170306,-89.5215912755055,-0.550329585179472,13.9637901292596,12.0592258628792,0.07,0.45,0.32,0.2,0.45,109.680127796377,0.555,-0.25,-0.5,-0.58,0.48,0.14,296.296778015841,0.629,18.16,0.24,-0.1,0.01,1.31,196.097524695847,0.848,1.36,0.93,0.88,0.75,0.19,102.506131853709,0.672,38.22,0.23,-0.02,0,1.24,179.2974080564,0.382,1.15,0.32,0.35,0.18,0.87,114.950253591111,0.981,467.216666666667
nwis_08052745,83.4636531693447,0.520804931503539,-615.739018501137,-3.58174804935736,13.9532005582704,11.1590377766638,0.23,0.37,0.22,0.16,0.11,286.429068798607,0.524,-1.69,-0.34,-0.17,0.12,0.41,66.6991392146054,0.402,18.88,0.23,-0.05,-0.02,1.37,210.983672233395,0.872,2.57,0.57,0.65,0.57,0.37,160.166480816978,0.824,38.23,0.23,-0.03,0,1.24,180.183694043093,0.381,1.08,0.32,0.19,0.07,1.17,154.968621123146,0.96,403.625
nwis_08057410,165.217758359273,1.23462067450653,-291.042336611266,-1.66635004274084,13.8351306665376,12.7809748546573,0.45,0.39,0.32,0.21,0.75,222.969229966026,0.673,-0.8,-0.37,-0.07,0.05,1.04,61.1304748908771,0.495,21.26,0.18,-0.08,0,1.36,217.874052640817,0.838,174.25,0.46,0.17,-0.01,1.08,106.097617565302,0.861,37.8,0.23,0.01,0.02,1.21,176.562260078844,0.406,1.75,0.36,0.08,-0.06,1.38,177.005343370123,0.816,753.3
nwis_08062500,164.223620426574,1.31250417876522,-321.072627168502,-2.22192661640774,14.1108828673932,12.9366664346074,0.45,0.43,0.3,0.2,0.65,204.792475596367,0.811,-0.88,-0.41,-0.31,0.24,0.32,31.1206059641251,0.552,21.49,0.2,-0.05,-0.01,1.36,204.309837994601,0.902,98.4,0.61,0.59,0.3,0.63,62.4919830424758,0.882,38.61,0.22,0,0.02,1.21,180.469943781016,0.393,2.1,0.23,-0.03,-0.03,1.2,167.317144904955,0.98,594.2
nwis_08065350,256.508078685057,2.37271979874873,-698.142919441393,-3.74639526438484,13.99709042508,12.5122682853914,0.7,0.53,0.36,0.13,0.63,216.382657694277,0.874,-1.91,-0.33,-0.06,0.05,0.49,345.374854032388,0.777,21.15,0.21,-0.05,-0.02,1.36,203.064600310049,0.926,150.4,0.63,0.56,0.24,0.81,82.353171635602,0.968,38.28,0.22,0.02,0.04,1.19,179.065960069652,0.375,1.13,0.17,0,0.09,0.99,160.347237869402,0.989,609.633333333333
nwis_08068000,174.573321634425,1.32352463286774,-381.051792089901,-2.09204420214272,13.6014204170208,13.2678793612779,0.48,0.45,0.25,0.12,0.24,180.342087610484,0.818,-1.04,-0.25,-0.19,0.22,0.49,353.926924668842,0.676,21.69,0.17,-0.08,0.02,1.33,207.159744178113,0.859,24.69,0.84,0.8,0.61,0.35,123.737638680219,0.836,37.23,0.23,0.02,0.07,1.17,182.911094401926,0.457,0.92,0.19,-0.02,0.01,1.33,183.98206358011,0.967,572.666666666667
nwis_08068500,247.230211994686,1.57548545233912,-392.977192235214,-2.11228784332053,14.109303287016,13.0914488367889,0.68,0.4,0.17,0.08,0.81,181.821583270243,0.781,-1.08,-0.26,-0.22,0.17,0.75,2.75900479013652,0.53,22.29,0.17,-0.09,-0.01,1.32,198.219367333561,0.851,4.83,0.75,0.79,0.65,0.09,129.429952179521,0.828,38.63,0.22,0,0.04,1.2,179.248039431577,0.434,1.62,0.22,-0.05,-0.06,1.37,179.418675009198,0.92,516.89375
nwis_08070200,72.1797375503235,0.524931186070709,-205.874293960201,-1.06413832785287,13.9518190744912,11.8856972801151,0.2,0.45,0.21,0.09,0.59,185.094308543716,0.897,-0.56,-0.26,-0.21,0.18,0.62,321.182006227856,0.567,20.72,0.18,-0.07,-0.01,1.34,199.620886005059,0.896,6.82,0.8,0.77,0.6,0.15,100.85661695938,0.867,38.19,0.22,0.02,0.06,1.18,178.683279515768,0.45,2.28,0.23,0.01,-0.04,1.35,176.708757556318,0.952,773.122222222222
nwis_08171290,309.470369410528,1.84917653321129,-360.727012904695,-2.60948059726703,14.0085172453464,10.0748656085189,0.85,0.31,0.22,0.07,0.64,188.080062383284,0.854,-0.99,-0.39,-0.32,0.1,0.21,341.847385367449,0.949,21.55,0.18,-0.03,-0.02,1.35,197.539295736523,0.79,3.69,0.61,0.45,0.25,0.45,26.8432022479437,0.865,38.38,0.2,0.02,0.04,1.18,180.173477196697,0.431,1.68,0.2,-0.02,-0.03,1.36,182.162401354308,0.928,656.4
nwis_08180700,349.948911909441,1.7509108285621,-728.649891717052,-3.12027835076055,14.4535357491235,13.8952653094286,0.96,0.25,0.08,0.15,0.39,186.789756745316,0.833,-1.99,-0.2,0.01,0.13,0.44,7.28987969715279,0.701,21.52,0.14,-0.08,-0.01,1.35,198.08308786193,0.88,1.73,0.44,0.42,0.4,0.16,118.077831422471,0.552,39.56,0.2,-0.01,0.03,1.21,180.345607690741,0.521,1.15,0.26,-0.04,-0.02,1.26,177.672401449535,0.98,417.18
nwis_08181500,219.517114020901,1.33817146469131,-465.475478731023,-2.04247078064259,14.2577761001592,13.6814172413173,0.6,0.37,0.16,0.08,0.72,163.952953785975,0.81,-1.27,-0.19,-0.11,0.18,0.75,2.46284008195841,0.468,23.84,0.11,-0.08,0,1.33,203.705227626005,0.864,5.12,0.52,0.68,0.59,0.14,156.013326632781,0.578,39.03,0.21,0,0.04,1.2,180.814681631094,0.506,1.78,0.27,0.01,0,1.29,173.955141703599,0.976,463.933333333333
nwis_08181800,157.021650336696,1.19485220692623,-319.663812125405,-1.61175161132338,14.3676103992232,13.8517035816617,0.43,0.44,0.34,0.22,0.67,176.626605109608,0.848,-0.87,-0.25,-0.32,0.3,0.41,10.7241070644056,0.211,24.51,0.11,-0.07,0,1.32,203.741577246114,0.851,12.32,0.55,0.64,0.51,0.07,145.229416762354,0.69,39.33,0.21,0,0.04,1.2,180.91007094501,0.503,1.49,0.29,0.02,-0.01,1.25,174.2024727909,0.982,444.1
nwis_08188060,230.013344541732,1.78515536639111,-357.808427518295,-1.79855123208675,13.976561320344,13.7858044818975,0.63,0.47,0.31,0.15,0.47,181.420534301169,0.796,-0.98,-0.24,-0.23,0.19,0.68,361.384259353371,0.31,22.85,0.16,-0.1,-0.01,1.33,200.107949159716,0.892,12.12,0.51,0.61,0.45,0.21,143.282996812202,0.797,38.27,0.22,0.01,0.05,1.19,182.4764554545,0.467,0.86,0.22,0.1,0.03,1.15,161.219447477386,0.989,549.975
nwis_08211200,245.750794273711,1.79984424392762,-423.991259398935,-2.28260494920577,14.5510239472416,14.0886598514183,0.67,0.41,0.31,0.17,0.84,197.30094495475,0.868,-1.16,-0.26,-0.22,0.2,0.7,16.7969355981488,0.667,23.36,0.15,-0.14,-0.01,1.32,200.277479071649,0.853,5.66,0.56,0.75,0.64,0.3,172.022561345832,0.967,39.84,0.21,-0.01,0.06,1.2,182.668585291915,0.506,1.01,0.22,0.07,0.08,0.94,175.645738316816,0.994,649.625
nwis_08375300,187.143207354065,1.12570265838327,-369.485605506315,-2.05982256361481,15.428326437468,15.2889961247638,0.51,0.36,0.16,0.14,0.7,151.625882272099,0.676,-1.01,-0.31,-0.19,0.16,0.74,357.853780426225,0.541,24.27,0.13,-0.15,0.03,1.26,184.579237739722,0.839,16.33,0.67,0.61,0.39,0.63,258.394805770596,0.892,42.22,0.14,-0.09,0.03,1.22,158.787564562332,0.44,0.32,0.12,0.25,0.2,0.85,212.7820868495,0.996,136.32
nwis_08412500,993.316497087362,7.12029684588159,-1225.9104349977,-10.3032648874337,14.973059447892,14.3630289625714,2.72,0.35,0.31,0.12,0.95,173.497931157338,0.675,-3.36,-0.45,-0.41,0.15,1.11,13.9723527517084,0.723,18.23,0.22,-0.04,-0.05,1.35,211.766088998116,0.792,2.91,0.39,0.05,0.02,0.98,167.78069166358,0.868,41.02,0.19,-0.07,-0.01,1.27,174.525347944494,0.34,0.56,0.24,0.01,-0.03,1.32,176.529832759521,0.831,171.2
nwis_08437710,2710.94327993599,16.1513355006693,-3140.23370608652,-16.6811767551906,15.047211438131,14.804357238243,7.42,0.3,0.22,0.21,0.68,168.666686552151,0.908,-8.59,-0.22,-0.26,0.23,0.68,3.74714185535978,0.934,19.38,0.21,-0.1,-0.02,1.34,196.915041892165,0.801,0.75,0.71,0.54,0.23,0.2,12.9377471845331,0.989,41.18,0.18,-0.06,0,1.24,165.94274554326,0.385,0.28,0.16,0.22,0.12,0.8,214.938543259996,0.997,100
nwis_08446500,3124.02723844277,16.8719533224528,-2712.4510570465,-10.4808507020854,14.8602959075592,14.4529314570487,8.55,0.3,0.06,0.11,0.62,173.397007631794,0.868,-7.42,-0.16,-0.07,0.14,0.61,340.663488202829,0.855,19.75,0.2,-0.11,-0.02,1.32,195.862559298822,0.776,0.54,0.56,0.61,0.47,0.6,326.517458016509,0.971,40.68,0.17,-0.04,-0.01,1.23,165.007194719634,0.378,0.34,0.19,0.16,0.01,1.21,231.315892141603,0.985,128.6
nwis_08447000,1246.43989997574,8.31316758939413,-1293.15095668498,-6.66318255645849,14.9094972462996,14.4905461954767,3.41,0.4,0.17,0.1,0.3,164.756586771391,0.938,-3.54,-0.28,-0.06,0.09,0.26,299.631246015825,0.865,20.79,0.18,-0.11,-0.02,1.35,198.574595937646,0.859,1.33,0.49,0.41,0.2,0.4,24.5954086574821,0.988,40.79,0.19,-0.05,-0.01,1.26,171.895559894758,0.4,0.52,0.26,0.22,0.07,1.09,190.667252255456,0.992,276.525
nwis_08447300,1151.39731563182,5.47896624639429,-1353.57593580917,-5.42741398419542,14.9821408354716,14.7121543515941,3.15,0.23,0.09,0.07,1.1,175.329130470891,0.831,-3.7,-0.16,-0.1,0.08,0.57,8.44011667317139,0.893,21.54,0.16,-0.09,-0.02,1.35,200.751629248426,0.822,2.72,0.24,0.29,0.23,0.48,45.1642872322467,0.988,40.99,0.19,-0.05,0,1.25,172.062481804658,0.41,0.56,0.22,0.06,0,1.17,193.053974323032,0.988,272.375
nwis_09041400,258.417806740987,1.47260019717369,-534.392773323362,-3.82790001968846,12.8769561846072,12.4001712624624,0.71,0.3,0.2,0.13,0.77,250.435057034378,0.434,-1.46,-0.48,-0.17,-0.03,1.15,195.215411036286,0.653,7.01,0.33,0.08,-0.07,1.35,219.088551418599,0.923,1.76,0.58,0.64,0.4,0.65,171.322337036925,0.969,35.28,0.22,0.03,0,1.29,168.175304215128,0.382,0.22,0.42,0.18,-0.02,1.34,192.213068711597,0.942,158.75
nwis_09406000,239.31749308637,1.59652734809028,-418.556848597423,-3.10447474749047,14.3106620584536,13.6165333116854,0.66,0.35,0.2,0.17,0.66,250.890096990671,0.603,-1.15,-0.41,-0.25,0.09,0.92,109.228533251854,0.197,13.33,0.28,0.13,-0.01,1.32,208.633671153034,0.774,9.15,0.6,0.75,0.59,0.31,23.1137122085689,0.844,39.21,0.24,-0.01,-0.01,1.31,172.501166177303,0.331,0.49,0.17,-0.23,0.02,1.29,205.725533983926,0.824,217
nwis_10129900,265.095107997072,1.66378431339682,-595.507176473491,-3.15025858740528,13.6251854706016,10.1621614877576,0.73,0.4,0.22,0.1,1.07,194.811352573577,0.647,-1.63,-0.26,-0.22,0.16,0.47,49.1823295991023,0.664,9.74,0.32,0.05,-0.04,1.3,206.360155141708,0.883,0.17,0.44,0.5,0.38,0.52,103.944329680905,0.891,37.3,0.23,0.02,-0.01,1.29,166.987648557119,0.366,0.53,0.44,0.17,0.04,1.27,189.881498418535,0.972,348.122222222222
nwis_10133650,351.739483177678,2.22604516302239,-275.985645558493,-1.83628003227587,13.7269034712852,11.1897029458552,0.96,0.37,0.28,0.2,0.89,182.65118306577,0.756,-0.76,-0.41,-0.38,0.3,0.75,359.226092603091,0.851,8.11,0.39,0.11,-0.03,1.34,200.641762836788,0.818,0.52,0.47,0.58,0.44,0.58,123.3599807932,0.953,37.57,0.23,0.02,-0.01,1.29,166.594181179234,0.367,0.6,0.42,0.17,0.02,1.31,187.344066518355,0.966,374.95
nwis_10133800,405.227445473035,2.5364820490242,-354.645989500903,-2.12809646103867,13.468320310844,9.19701536334593,1.11,0.37,0.18,0.06,1.16,184.930193511211,0.499,-0.97,-0.35,-0.18,0.09,0.99,18.0434914311633,0.629,9.11,0.38,0.11,-0.05,1.34,206.102105668469,0.866,0.97,0.49,0.56,0.36,0.74,125.89520926975,0.964,36.87,0.24,0.03,-0.01,1.29,169.950598850973,0.356,0.9,0.42,0.01,-0.09,1.38,203.657497850922,0.925,540.144444444444
nwis_10133980,480.308490929796,2.55671673830983,-230.478128039754,-1.59820149686074,13.8361642958448,11.0904559618962,1.31,0.27,0.12,0.09,0.72,206.030349056288,0.236,-0.63,-0.38,-0.23,0.12,0.94,28.073668344685,0.419,9.35,0.38,0.07,-0.07,1.37,200.152009216559,0.717,0.93,0.35,0.28,0.15,1.08,82.4562536465572,0.826,37.8,0.24,0.01,-0.03,1.32,170.14248488929,0.255,0.52,0.32,0.1,-0.06,1.38,167.066093949741,0.824,317
nwis_11044000,331.448458512107,2.00628605396183,-799.569034694019,-4.5124859244501,15.8773234315752,14.2357669059128,0.91,0.38,0.15,0.05,1.08,161.597281602872,0.752,-2.19,-0.35,-0.06,0.02,0.85,54.3837731790526,0.698,18.93,0.15,-0.04,0,1.32,214.2293322823,0.902,0.35,0.6,0.76,0.67,0.22,41.4349222924021,0.174,43.45,0.19,-0.06,-0.02,1.32,174.033893628809,0.507,1.69,0.12,-0.03,0.07,1.28,147.255859805303,0.973,906.42
nwis_11128500,506.995102323403,3.27413011106071,-1111.10362998252,-5.32011443594298,16.0132132499472,15.545656591366,1.39,0.4,0.33,0.19,0.56,177.269000765164,0.936,-3.04,-0.21,-0.27,0.25,0.4,19.8345553233225,0.797,17.6,0.1,-0.02,-0.04,1.35,207.999141198569,0.851,1.9,0.87,0.89,0.81,0.18,81.1345489076993,0.615,43.87,0.19,-0.09,-0.04,1.31,172.849427684694,0.388,0.91,0.14,0.23,0.11,1.14,115.45732032181,0.964,749.633333333333
nwis_11273400,1138.08214885311,8.01157796090098,-1257.46680826228,-5.97365441266371,15.4384718198508,14.5539560200838,3.11,0.45,0.29,0.11,1.07,184.961918499257,0.922,-3.44,-0.24,-0.09,0.07,1.09,7.56875956825485,0.896,18.89,0.19,-0.07,-0.01,1.35,190.927248474169,0.874,6.97,0.44,0.34,0.29,0.72,41.0761107242357,0.961,42.24,0.25,-0.05,-0.04,1.33,174.80226025187,0.518,1,0.28,0.4,0.28,0.85,72.4865645687162,0.983,515.125
nwis_11447650,87.4005104718619,0.74098083497642,-549.017046675812,-2.67401148546114,14.4955120153536,13.8197508569801,0.24,0.45,0.29,0.12,0.81,158.714868129117,0.663,-1.5,-0.24,-0.07,0.14,0.71,159.626588044711,0.486,16.12,0.16,-0.08,-0.02,1.36,199.658486219043,0.863,638.31,0.31,0.49,0.32,0.64,45.282682559785,0.921,39.61,0.28,-0.04,-0.06,1.31,177.705156052927,0.523,1.91,0.11,-0.04,0,1.28,151.20535866424,0.842,701
nwis_11462500,159.461189671069,1.02607848354173,-229.143679123424,-1.1283598344294,14.929744646245,13.0969993979961,0.44,0.38,0.18,0.19,0.76,158.938535767394,0.956,-0.63,-0.22,-0.16,0.19,0.13,217.221022056251,0.858,14.34,0.13,-0.07,0.05,1.22,211.888043993619,0.93,10.24,0.63,0.73,0.59,0.44,23.4841661812896,0.629,40.86,0.26,-0.03,-0.05,1.31,176.353424922556,0.518,1.47,0.16,0.08,0.06,1.25,140.909874435277,0.968,898.56
nwis_11463980,256.493349793299,1.1635596455616,-255.958215159378,-1.09002434677225,14.9446643681664,13.1613826612423,0.7,0.27,0.2,0.24,0.51,112.869606030008,0.972,-0.7,-0.18,-0.03,0.16,0.6,321.963730577053,0.942,17.57,0.15,-0.04,0.01,1.34,200.156271408108,0.908,5.2,0.37,0.22,-0.03,1.02,53.3595065509026,0.98,40.92,0.25,-0.03,-0.05,1.32,175.377794936625,0.486,1.25,0.18,0.01,-0.02,1.34,154.224975962261,0.958,1066.5
nwis_11467000,108.326016385379,0.792270046464877,-147.987279347157,-1.13152991070702,14.661659697741,11.8467245272125,0.3,0.45,0.28,0.19,0.74,131.172878558735,0.942,-0.41,-0.42,-0.33,0.21,0.64,247.820861236095,0.869,16.58,0.16,-0.05,0,1.35,195.183936146302,0.897,29.76,0.77,0.75,0.55,0.5,31.3850324992454,0.83,40.14,0.26,-0.04,-0.06,1.31,175.180903695887,0.539,3.7,0.11,-0.03,0.03,1.18,182.190005274951,0.989,1266.675
nwis_12100490,322.813444078165,2.48965764038012,-388.009915107,-3.4512019969545,10.1970027138168,9.29744700990568,0.88,0.47,0.22,0.06,1.01,205.434648261578,0.498,-1.06,-0.53,-0.34,0.08,0.81,246.570319181447,0.755,9.93,0.25,0.01,0.04,1.32,203.412461390578,0.744,46.37,0.3,0.23,0.18,0.87,59.8339724520258,0.866,27.86,0.37,0.13,0,1.18,174.101009704207,0.357,1.14,0.19,0.02,-0.05,1.4,172.668966442589,0.82,630.5
nwis_12101100,183.426944204188,1.0171049267774,-107.201174503288,-0.559649189138353,10.334483737452,9.42755046508662,0.5,0.3,0.11,0.14,0.7,202.732807058819,0.435,-0.29,-0.26,-0.15,0.19,0.37,124.93440560863,0.605,9.64,0.18,-0.05,0.03,1.24,224.10258458343,0.768,1.51,0.69,0.67,0.48,0.46,360.952693695801,0.824,28.31,0.35,0.14,0.02,1.18,179.12442523488,0.416,0.98,0.21,0.16,-0.03,1.36,187.050280023732,0.825,678.9
nwis_13173600,3178.27455400147,14.8124992245869,-1978.91429044129,-9.25335257884081,12.4440955063992,12.2703919220946,8.71,0.2,-0.01,0.16,0.89,228.834338735659,0.509,-5.42,-0.19,-0.05,0.14,0.97,49.8578800913529,0.343,16.23,0.23,-0.16,-0.01,1.13,243.450649625782,0.854,209.2,0.12,0.19,0.1,0.68,79.414905192899,0.822,34.09,0.31,0.04,-0.04,1.3,176.76064899441,0.278,0.67,0.34,0.04,-0.08,1.41,200.603441547989,0.818,372.6
nwis_13206400,632.524171314413,3.00285052220044,-1071.8031430203,-4.36229249191605,12.7910604460968,12.0449264305071,1.73,0.24,-0.09,0.17,0.86,188.034802899424,0.609,-2.93,-0.19,0.14,0.05,1.11,60.6593608169481,0.421,13.91,0.15,-0.21,-0.03,1.13,254.544980111232,0.653,0.84,0.27,-0.19,-0.09,1.17,256.293303048029,0.746,34.95,0.31,0.04,-0.06,1.32,180.98616673299,0.34,0.82,0.29,0.04,-0.1,1.4,189.091390515116,0.822,395.655555555556
nwis_13213000,1275.96939978921,5.87426084144487,-1394.36363056958,-5.83108439172416,12.8509913091798,12.4719454148839,3.49,0.26,0.13,0.1,0.34,250.049799524074,0.876,-3.82,-0.18,-0.04,0.08,0.9,30.9317841563332,0.828,13.43,0.25,0,0.04,1.3,204.409845120576,0.925,30.36,0.31,0.44,0.4,0.18,78.1634937868965,0.976,35.18,0.31,0.03,-0.05,1.33,174.753673615642,0.425,1.22,0.29,0.01,-0.03,1.36,184.514218605489,0.956,478.4
nwis_14206950,49.6097501067837,0.408728092776645,-219.075197505173,-1.08531145786972,11.1361997142216,6.66269325533165,0.14,0.48,0.32,0.16,0.91,134.616510141641,0.694,-0.6,-0.23,-0.15,0.18,0.62,357.594612993655,0.357,12.48,0.24,0.01,0.02,1.32,203.060916021956,0.893,1.26,0.66,0.58,0.38,0.5,27.6536473971246,0.64,30.49,0.34,0.1,0,1.22,179.328537977534,0.452,1.56,0.17,0.06,-0.06,1.35,199.678945416223,0.954,700.62619047619
nwis_14211010,321.648422613767,2.24198741661618,-279.816257241984,-1.78599674252442,10.8363906270984,9.05640353635489,0.88,0.38,0.18,0.15,1.04,172.936011150078,0.813,-0.77,-0.36,-0.18,0.13,0.79,3.15949257440905,0.86,10.58,0.28,0.13,0.01,1.33,215.250511645752,0.901,101.4,0.43,0.38,0.22,0.75,56.6507159448582,0.82,29.68,0.33,0.1,-0.01,1.22,181.359820414348,0.471,1.62,0.2,0.13,0,1.34,174.114504197586,0.946,758.134722222222
nwis_385446094430700,92.8771158502229,0.719979203769412,-112.137167679552,-0.698451638627819,12.9108640021704,9.4255951873164,0.25,0.44,0.3,0.2,0.86,115.216850180094,0.775,-0.31,-0.34,-0.26,0.19,0.54,326.502019450433,0.634,15.11,0.34,-0.04,-0.02,1.35,189.125880730869,0.804,0.3,0.84,0.84,0.73,0.12,135.796245373817,0.139,35.28,0.25,0,-0.05,1.3,175.4854668239,0.235,1.04,0.29,0,-0.09,1.34,176.112390417708,0.827,528.35
nwis_385608094380300,43.5388317673923,0.271852184092108,-83.0127460761916,-0.58782773656148,12.9108640021704,11.1828370763699,0.12,0.33,0.18,0.15,0.59,138.733983859426,0.412,-0.23,-0.4,-0.25,0.18,0.51,2.74216706166201,0.377,16.96,0.27,-0.02,0,1.35,190.982743466948,0.798,1.13,0.61,0.8,0.7,0.15,139.760890998275,0.272,35.28,0.25,0,-0.05,1.3,175.4854668239,0.235,1.24,0.31,0.01,-0.12,1.36,178.505408345459,0.839,533.066666666667
WI_BEC,413.023878665173,2.63699337179678,-701.719959925914,-3.43408087884085,11.4525433962936,6.43168546421508,1.13,0.41,0.15,0.06,1.05,178.977008859064,0.678,-1.92,-0.24,-0.09,0.14,0.88,26.1648840620432,0.613,10.36,0.25,-0.06,0,1.24,204.456557789219,0.876,0.39,0.21,0.23,0.22,0.41,141.582721287724,0.846,31.35,0.28,0.06,-0.01,1.23,174.888928787091,0.241,1.11,0.42,0.16,-0.05,1.35,197.371970952732,0.936,596.3
WI_BRW,162.556286737077,1.37528404705382,-259.272363656179,-1.37761078257503,11.5808625453024,6.21626799071089,0.45,0.49,0.26,0.12,0.9,161.035247217893,0.697,-0.71,-0.32,-0.11,0.08,0.88,78.9664443362283,0.272,9.97,0.34,-0.01,-0.07,1.35,206.299275503448,0.641,0.05,0.37,0.7,0.61,0.13,70.8260085189706,0.123,31.73,0.28,0.04,0.01,1.23,173.386985125206,0.113,1.3,0.38,0.24,0.02,1.33,202.708733888484,0.818,677.7
